Date,price
1987-05-21,-0.009661835748792202
1987-05-22,0.005420054200542035
1987-05-25,0.0026954177897573484
1987-05-26,0.001612903225806317
1987-05-27,-0.0016103059581319412
1987-05-28,0.0
1987-05-29,-0.0010752688172044333
1987-06-01,0.003767491926802924
1987-06-02,0.0016085790884718953
1987-06-03,0.0037473233404710093
1987-06-04,0.0016000000000000458
1987-06-05,-0.006922257720979874
1987-06-08,0.00536193029490617
1987-06-09,0.0016000000000000458
1987-06-10,0.0
1987-06-11,-0.005324813631522929
1987-06-12,0.005353319057815886
1987-06-16,0.006389776357827337
1987-06-17,0.006878306878306928
1987-06-18,0.0010509721492379942
1987-06-19,0.0
1987-06-22,0.002624671916010568
1987-06-23,-0.010471204188481797
1987-06-24,-0.007936507936507908
1987-06-25,-0.002666666666666706
1987-06-26,0.02032085561497321
1987-06-29,0.0036687631027254586
1987-06-30,-0.0036553524804178172
1987-07-01,-0.005241090146750449
1987-07-02,0.014225500526870327
1987-07-03,0.004155844155844024
1987-07-06,0.007759958613554163
1987-07-07,0.0010266940451744144
1987-07-08,-0.0010256410256409554
1987-07-09,0.010266940451745254
1987-07-10,0.002540650406504197
1987-07-13,0.005068423720222981
1987-07-14,0.002521432173474558
1987-07-15,0.02012072434607659
1987-07-16,0.005917159763313418
1987-07-17,0.011274509803921529
1987-07-20,-0.0038778477944739764
1987-07-21,-0.009732360097323589
1987-07-22,-0.0009828009828011242
1987-07-23,-0.008853910477127358
1987-07-24,-0.028287841191066976
1987-07-27,-0.0143003064351378
1987-07-28,0.024870466321243567
1987-07-29,0.010111223458038276
1987-07-30,0.011011011011010874
1987-07-31,-0.008415841584158312
1987-08-03,0.045931103344982516
1987-08-04,-0.014319809069212486
1987-08-05,-0.04116222760290544
1987-08-06,-0.002525252525252597
1987-08-07,-0.005063291139240533
1987-08-10,-0.01119592875318065
1987-08-11,0.0010293360782294148
1987-08-12,0.0025706940874037354
1987-08-13,-0.005128205128205221
1987-08-14,-0.0077319587628865705
1987-08-17,-0.020779220779220675
1987-08-18,-0.0053050397877985045
1987-08-19,-0.013333333333333308
1987-08-20,-0.010810810810810811
1987-08-21,-0.010928961748633892
1987-08-24,-0.034254143646408886
1987-08-25,0.004004576659038861
1987-08-26,0.031339031339031376
1987-08-27,0.009944751381215422
1987-08-28,-0.004376367614879806
1987-08-31,0.023626373626373542
1987-09-01,-0.01073537305421357
1987-09-02,-0.0016277807921867282
1987-09-03,-0.011956521739130421
1987-09-04,-0.002750275027502802
1987-09-07,-0.02923331494760051
1987-09-08,0.004545454545454408
1987-09-09,0.012443438914027105
1987-09-10,0.022346368715083997
1987-09-11,-0.006557377049180357
1987-09-14,-0.0016501650165017256
1987-09-15,0.020936639118457334
1987-09-16,0.0
1987-09-17,-0.005396654074473872
1987-09-18,-0.007053716766142082
1987-09-21,-0.0010928961748634114
1987-09-22,0.010940919037199182
1987-09-23,0.0
1987-09-24,0.010822510822510845
1987-09-25,-0.004282655246252598
1987-09-28,0.0026881720430105283
1987-09-29,-0.008042895442359144
1987-09-30,-0.00108108108108107
1987-10-01,0.0010822510822510178
1987-10-02,0.008108108108108025
1987-10-05,0.006970509383378065
1987-10-06,-0.009584664536741228
1987-10-07,-0.0010752688172044333
1987-10-08,0.002691065662002279
1987-10-09,-0.0016103059581319412
1987-10-12,-0.0026881720430107503
1987-10-13,0.0
1987-10-14,0.007008086253369239
1987-10-15,0.0
1987-10-16,0.017130620985010614
1987-10-19,0.0052631578947368585
1987-10-20,-0.01675392670157072
1987-10-21,0.007987220447284171
1987-10-22,0.010565240359218242
1987-10-23,-0.007841087297438487
1987-10-26,-0.01211801896733411
1987-10-27,0.002666666666666595
1987-10-28,0.0026595744680850686
1987-10-29,-0.0053050397877985045
1987-10-30,0.002666666666666595
1987-11-02,-0.0090425531914895
1987-11-03,-0.013419216317766991
1987-11-04,-0.024483133841131655
1987-11-05,-0.004461795872838681
1987-11-06,0.0056022408963585235
1987-11-09,-0.02506963788300831
1987-11-10,0.014285714285714235
1987-11-11,0.0028169014084507005
1987-11-12,0.002808988764045006
1987-11-13,-0.0028011204481792618
1987-11-16,-0.006741573033707926
1987-11-17,-0.015837104072398245
1987-11-18,-0.012643678160919491
1987-11-19,0.017462165308498312
1987-11-20,0.006864988558352492
1987-11-23,0.017045454545454364
1987-11-24,-0.003910614525139633
1987-11-25,-0.00841278743690399
1987-11-26,0.002828054298642524
1987-11-27,0.0028200789622110367
1987-11-30,-0.004499437570303799
1987-12-01,-0.0028248587570621764
1987-12-02,0.0028328611898016387
1987-12-03,0.012994350282485856
1987-12-04,0.003904071388733943
1987-12-07,-0.012222222222222134
1987-12-08,-0.011248593925759387
1987-12-09,-0.008532423208191031
1987-12-10,0.0068846815834768815
1987-12-11,0.01025641025641022
1987-12-14,-0.05245346869712353
1987-12-15,-0.03571428571428581
1987-12-16,-0.016666666666666607
1987-12-17,-0.05649717514124297
1987-12-18,0.0379241516966069
1987-12-21,-0.012820512820512775
1987-12-22,0.08441558441558428
1987-12-23,0.03293413173652704
1987-12-24,-0.008695652173912993
1987-12-28,-0.005847953216374324
1987-12-29,0.022352941176470464
1987-12-30,0.027042577675489232
1987-12-31,-0.014005602240896309
1988-01-04,0.019886363636363535
1988-01-05,-0.048467966573816246
1988-01-06,0.04800936768149877
1988-01-08,-0.05698324022346368
1988-01-11,-0.013625592417061627
1988-01-12,-0.04204204204204198
1988-01-13,0.026959247648902895
1988-01-14,0.010378510378510564
1988-01-15,0.0060422960725075026
1988-01-18,0.0108108108108107
1988-01-19,0.016042780748663388
1988-01-20,-0.015789473684210686
1988-01-21,0.01485442661913261
1988-01-22,-0.022248243559718883
1988-01-25,-0.014970059880239472
1988-01-27,-0.0194528875379939
1988-01-28,-0.0018598884066954868
1988-01-29,0.011180124223602483
1988-02-01,-0.011056511056511065
1988-02-02,0.004968944099378758
1988-02-03,-0.00185414091470959
1988-02-04,0.0018575851393189957
1988-02-05,-0.0049443757725585735
1988-02-08,0.024844720496894235
1988-02-09,-0.0060606060606061
1988-02-10,-0.016463414634146356
1988-02-11,-0.0018598884066954868
1988-02-12,-0.021739130434782705
1988-02-15,-0.004444444444444473
1988-02-16,-0.0031887755102040227
1988-02-17,0.01407549584133072
1988-02-18,-0.023343848580441584
1988-02-19,0.004521963824289488
1988-02-22,-0.010932475884244397
1988-02-23,0.013003901170351106
1988-02-24,-0.014762516046213148
1988-02-25,-0.032573289902280145
1988-02-26,-0.013468013468013407
1988-02-29,0.005460750853242269
1988-03-01,-0.037338764426340876
1988-03-02,-0.026798307475317307
1988-03-03,0.014492753623188248
1988-03-04,0.0
1988-03-07,-0.0071428571428571175
1988-03-08,-0.007194244604316502
1988-03-09,0.01304347826086949
1988-03-10,0.03576537911301858
1988-03-11,0.027624309392265234
1988-03-14,-0.040322580645161366
1988-03-15,0.0014005602240896309
1988-03-16,0.010489510489510412
1988-03-17,-0.0013840830449827202
1988-03-18,0.03465003465003469
1988-03-21,0.030140656396517196
1988-03-22,-0.022756827048114547
1988-03-23,0.02461743180306053
1988-03-24,0.016233766233766156
1988-03-25,-0.012779552715655007
1988-03-28,0.006472491909385258
1988-03-29,0.003215434083601254
1988-03-30,0.0064102564102563875
1988-03-31,-0.0031847133757960666
1988-04-05,-0.009584664536741228
1988-04-06,-0.007741935483870921
1988-04-07,0.00975292587776333
1988-04-08,0.0012878300064391723
1988-04-11,0.041800643086816525
1988-04-12,0.01728395061728394
1988-04-13,0.0042475728155340065
1988-04-14,0.0060422960725075026
1988-04-15,0.012012012012012185
1988-04-18,0.035608308605341144
1988-04-19,-0.022922636103151817
1988-04-20,-0.015835777126099626
1988-04-21,0.013110846245530272
1988-04-22,0.008823529411764675
1988-04-25,-0.0011661807580174433
1988-04-26,0.0029188558085231353
1988-04-27,0.012805587892898762
1988-04-28,-0.029885057471264354
1988-04-29,-0.016587677725118377
1988-05-02,-0.03915662650602425
1988-05-03,0.008150470219435713
1988-05-04,0.0043532338308458485
1988-05-05,0.0
1988-05-06,0.018575851393188847
1988-05-09,0.003039513677811634
1988-05-10,-0.0072727272727273196
1988-05-11,0.006105006105006083
1988-05-12,-0.004854368932038944
1988-05-13,0.0060975609756097615
1988-05-16,0.0060606060606061
1988-05-17,0.0
1988-05-18,-0.012048192771084487
1988-05-19,-0.009146341463414531
1988-05-20,0.012307692307692353
1988-05-23,-0.013373860182370745
1988-05-24,0.004313000616142926
1988-05-25,-0.007361963190184118
1988-05-26,0.0
1988-05-27,0.004326328800988932
1988-05-30,-0.0012307692307692575
1988-05-31,-0.001848428835489857
1988-06-01,0.008024691358024638
1988-06-02,0.0
1988-06-03,0.007348438456828088
1988-06-06,-0.012158054711246202
1988-06-07,-0.0012307692307692575
1988-06-08,0.0030807147258165024
1988-06-09,0.0012285012285011554
1988-06-10,-0.027607361963190247
1988-06-13,-0.02018927444794949
1988-06-14,0.020605280103026313
1988-06-15,-0.009463722397476393
1988-06-16,-0.01719745222929936
1988-06-17,0.003240440699935343
1988-06-20,-0.03100775193798455
1988-06-21,0.0
1988-06-22,0.008666666666666822
1988-06-23,0.0033046926635822427
1988-06-24,-0.0019762845849802257
1988-06-27,-0.014521452145214608
1988-06-28,-0.006697923643670389
1988-06-29,-0.018880647336480094
1988-06-30,-0.02542955326460483
1988-07-01,-0.016220028208744797
1988-07-04,0.007168458781362075
1988-07-05,-0.004982206405694023
1988-07-06,0.03719599427753928
1988-07-07,0.06896551724137923
1988-07-08,-0.029032258064516037
1988-07-11,-0.027906976744186074
1988-07-12,-0.0430622009569378
1988-07-13,0.0071428571428571175
1988-07-14,0.0
1988-07-15,0.010638297872340496
1988-07-18,0.05263157894736836
1988-07-19,-0.004666666666666708
1988-07-20,0.036838580040187585
1988-07-21,0.009689922480620172
1988-07-22,0.012795905310300615
1988-07-25,-0.0018951358180668842
1988-07-26,-0.02658227848101269
1988-07-27,0.004551365409622754
1988-07-28,0.016181229773462702
1988-07-29,0.0031847133757962887
1988-08-01,-0.009523809523809601
1988-08-02,-0.01602564102564108
1988-08-03,-0.0228013029315961
1988-08-04,-0.033333333333333326
1988-08-05,0.024137931034482696
1988-08-08,0.042424242424242475
1988-08-09,-0.0051679586563307955
1988-08-10,-0.019480519480519543
1988-08-11,0.001986754966887494
1988-08-12,-0.009914077990746839
1988-08-15,-0.012016021361815787
1988-08-16,0.0033783783783782884
1988-08-17,-0.006734006734006703
1988-08-18,0.0020338983050847137
1988-08-19,0.0047361299052774974
1988-08-22,0.0121212121212122
1988-08-23,-0.015302727877578137
1988-08-24,0.0033783783783782884
1988-08-25,-0.014814814814814725
1988-08-26,-0.008885850991114164
1988-08-29,-0.0013793103448275223
1988-08-30,-0.002071823204420009
1988-08-31,-0.0034602076124566894
1988-09-01,-0.01736111111111116
1988-09-02,-0.010600706713780994
1988-09-05,-0.02285714285714291
1988-09-06,-0.02412280701754388
1988-09-07,-0.012734082397003688
1988-09-08,0.009104704097116834
1988-09-09,-0.003759398496240629
1988-09-12,-0.04150943396226425
1988-09-13,0.0551181102362206
1988-09-14,0.03731343283582089
1988-09-15,-0.02877697841726623
1988-09-16,-0.020000000000000018
1988-09-19,-0.028722600151171673
1988-09-20,0.023346303501945664
1988-09-21,-0.0076045627376425395
1988-09-22,0.011494252873563093
1988-09-23,0.0
1988-09-26,-0.007575757575757569
1988-09-27,-0.03969465648854964
1988-09-28,0.013513513513513598
1988-09-29,-0.019607843137254943
1988-09-30,-0.045599999999999974
1988-10-03,-0.027661357921207053
1988-10-04,0.004310344827586299
1988-10-05,-0.0386266094420602
1988-10-06,0.008928571428571619
1988-10-07,0.004424778761061843
1988-10-10,0.07488986784140961
1988-10-11,0.012295081967213184
1988-10-12,0.00809716599190291
1988-10-13,0.008032128514056325
1988-10-14,0.05179282868525892
1988-10-17,0.026515151515151603
1988-10-18,-0.047970479704797064
1988-10-19,0.0348837209302324
1988-10-20,0.011235955056179803
1988-10-21,-0.001481481481481417
1988-10-24,-0.09495548961424338
1988-10-25,-0.00983606557377048
1988-10-26,0.0
1988-10-27,0.020695364238410674
1988-10-28,0.021897810218977964
1988-10-31,0.0
1988-11-01,-0.033333333333333326
1988-11-02,0.013957307060755264
1988-11-03,0.012145748987854255
1988-11-04,0.020000000000000018
1988-11-07,0.0
1988-11-08,-0.01176470588235301
1988-11-09,0.007936507936507908
1988-11-10,0.025984251968503846
1988-11-11,0.0
1988-11-14,-0.002302379125095899
1988-11-15,0.0
1988-11-16,-0.023076923076923106
1988-11-17,-0.051181102362204633
1988-11-18,0.0024896265560165887
1988-11-21,0.004139072847682224
1988-11-22,0.10057708161582846
1988-11-23,-0.0014981273408238849
1988-11-24,-0.026256564141035277
1988-11-25,0.1325115562403698
1988-11-28,0.0020408163265306367
1988-11-29,-0.03258655804480659
1988-11-30,0.007017543859649145
1988-12-01,0.04041811846689902
1988-12-02,-0.008707300736771506
1988-12-05,-0.004729729729729737
1988-12-06,-0.022403258655804503
1988-12-07,0.02083333333333326
1988-12-08,0.023809523809523947
1988-12-09,-0.009966777408637939
1988-12-12,0.020134228187919323
1988-12-13,-0.001315789473684159
1988-12-14,0.011198945981554687
1988-12-15,0.014983713355048778
1988-12-16,0.0012836970474967568
1988-12-19,-0.019230769230769162
1988-12-20,-0.0013071895424837665
1988-12-21,0.00327225130890052
1988-12-22,-0.005218525766470972
1988-12-23,0.008524590163934587
1988-12-27,0.05656697009102718
1988-12-28,-0.009230769230769154
1988-12-29,-0.012422360248447228
1988-12-30,0.020754716981132182
1989-01-03,0.010474430067775709
1989-01-04,0.007926829268292801
1989-01-05,0.003024803387779551
1989-01-06,0.01628468033775654
1989-01-09,0.008902077151335286
1989-01-10,-0.014705882352941124
1989-01-11,0.008955223880596996
1989-01-12,-0.002958579881656598
1989-01-13,0.03264094955489605
1989-01-16,0.005747126436781658
1989-01-17,0.016000000000000014
1989-01-18,0.009561304836895212
1989-01-19,0.008356545961002881
1989-01-20,0.0027624309392264568
1989-01-23,-0.06446280991735531
1989-01-24,0.0041224970553592755
1989-01-25,0.038123167155425186
1989-01-26,0.0016949152542373724
1989-01-27,-0.031020868584320405
1989-01-30,-0.019208381839348032
1989-01-31,-0.027893175074184096
1989-02-01,0.0012210012210012167
1989-02-02,0.0335365853658538
1989-02-03,-0.01179941002949847
1989-02-06,-0.014925373134328401
1989-02-07,0.0060606060606061
1989-02-08,0.009036144578313143
1989-02-09,-0.010149253731343344
1989-02-10,-0.010856453558504175
1989-02-13,0.0060975609756097615
1989-02-14,0.019999999999999796
1989-02-15,-0.004753416518122333
1989-02-16,0.023880597014925398
1989-02-17,0.0
1989-02-20,0.013411078717201264
1989-02-21,-0.010356731875719172
1989-02-22,-0.014534883720930258
1989-02-23,0.00884955752212413
1989-02-24,-0.0029239766081872176
1989-02-27,0.029325513196480912
1989-02-28,-0.018233618233618243
1989-03-01,0.0011607661056296514
1989-03-02,0.011594202898550732
1989-03-03,0.016045845272206316
1989-03-06,0.0
1989-03-07,-0.010152284263959421
1989-03-08,0.0
1989-03-09,0.014245014245014342
1989-03-10,-0.009550561797752932
1989-03-13,0.026659103800340533
1989-03-14,0.029281767955801064
1989-03-15,0.02415458937198056
1989-03-16,-0.006813417190775661
1989-03-17,0.018469656992084582
1989-03-20,-0.006217616580310947
1989-03-21,0.023461939520333708
1989-03-22,-0.0015282730514517562
1989-03-23,0.016836734693877364
1989-03-28,-0.01003512293025588
1989-03-29,-0.014191586416624435
1989-03-30,0.028277634961439535
1989-03-31,0.022499999999999964
1989-04-03,-0.039119804400978064
1989-04-04,0.012722646310432628
1989-04-05,-0.007537688442211032
1989-04-06,-0.033924050632911484
1989-04-07,0.016771488469601747
1989-04-10,0.01030927835051565
1989-04-11,0.017857142857142794
1989-04-12,-0.005012531328320691
1989-04-13,0.005037783375314797
1989-04-14,-0.016040100250626632
1989-04-17,0.012735608762098893
1989-04-18,0.016096579476861272
1989-04-19,0.06435643564356441
1989-04-20,0.03488372093023262
1989-04-21,-0.02921348314606731
1989-04-24,-0.0185185185185186
1989-04-25,-0.002358490566037763
1989-04-26,-0.004728132387706752
1989-04-27,-0.019002375296912177
1989-04-28,-0.02421307506053272
1989-05-02,-0.04962779156327546
1989-05-03,-0.014099216710182771
1989-05-04,0.04343220338983045
1989-05-05,-0.015228426395939132
1989-05-08,-0.030927835051546282
1989-05-09,0.012234042553191493
1989-05-10,-0.0078822911192854
1989-05-11,0.022245762711864403
1989-05-12,-0.005181347150259086
1989-05-15,0.0
1989-05-16,0.03125
1989-05-17,-0.06161616161616179
1989-05-18,0.0010764262648010892
1989-05-19,-0.016129032258064502
1989-05-22,-0.049180327868852625
1989-05-23,0.017241379310344973
1989-05-24,0.025423728813559254
1989-05-25,0.0027548209366392573
1989-05-26,-0.030219780219780223
1989-05-29,0.004532577903682888
1989-05-30,0.016920473773265776
1989-05-31,0.012201885745978913
1989-06-01,-0.00931506849315078
1989-06-02,0.0038716814159291957
1989-06-05,0.02203856749311317
1989-06-06,-0.0026954177897574594
1989-06-07,-0.018918918918918948
1989-06-08,-0.01928374655647369
1989-06-09,0.008426966292134797
1989-06-12,-0.042896935933147584
1989-06-13,-0.02211874272409775
1989-06-14,0.005952380952380931
1989-06-15,0.002958579881656931
1989-06-16,-0.017699115044247815
1989-06-19,0.012012012012012185
1989-06-20,0.0017804154302669684
1989-06-21,0.014810426540284416
1989-06-22,0.009924109748978394
1989-06-23,0.04219653179190752
1989-06-26,0.011092623405435376
1989-06-27,-0.001645639056500392
1989-06-28,-0.01098901098901095
1989-06-29,0.011111111111111072
1989-06-30,0.004395604395604602
1989-07-03,0.006564551422319376
1989-07-04,0.010869565217391353
1989-07-05,0.008064516129032251
1989-07-06,-0.02399999999999991
1989-07-07,-0.024590163934426146
1989-07-10,-0.0011204481792719267
1989-07-11,-0.011217049915872135
1989-07-12,0.0011344299489506326
1989-07-13,-0.0028328611898015277
1989-07-14,0.017045454545454364
1989-07-17,0.008379888268156499
1989-07-18,0.0
1989-07-19,-0.011080332409972304
1989-07-20,0.007282913165266081
1989-07-21,-0.008342602892102424
1989-07-24,-0.029725182277061002
1989-07-25,-0.014450867052023142
1989-07-26,-0.032258064516129115
1989-07-27,-0.013333333333333308
1989-07-28,0.006142506142505999
1989-07-31,-0.004884004884004756
1989-08-01,-0.004294478527607337
1989-08-02,-0.008009858287122529
1989-08-03,0.01863354037267073
1989-08-04,-0.015243902439024404
1989-08-07,-0.006191950464396134
1989-08-08,0.01433021806853585
1989-08-09,0.010442260442260265
1989-08-10,0.02917933130699102
1989-08-11,0.0041346721795629815
1989-08-14,-0.008823529411764675
1989-08-15,0.008902077151335286
1989-08-16,0.0
1989-08-17,-0.002941176470588225
1989-08-18,-0.0070796460176991705
1989-08-21,0.004159239453357166
1989-08-22,0.01183431952662728
1989-08-23,-0.0011695906432750425
1989-08-24,-0.0017564402810302804
1989-08-25,-0.0058651026392962935
1989-08-28,0.001769911504424737
1989-08-29,0.007067137809187329
1989-08-30,0.0017543859649120641
1989-08-31,0.004086398131932345
1989-09-01,0.007558139534883601
1989-09-04,0.0057703404500866196
1989-09-05,0.0011474469305794432
1989-09-06,0.02005730659025806
1989-09-07,0.0
1989-09-08,0.0016853932584268705
1989-09-11,0.008412787436904212
1989-09-12,-0.00444938820912133
1989-09-13,0.008379888268156499
1989-09-14,-0.008310249307479367
1989-09-15,-0.0011173184357541333
1989-09-18,0.009507829977628779
1989-09-19,-0.008310249307479367
1989-09-20,-0.005586592178770777
1989-09-21,0.002808988764045006
1989-09-22,-0.017927170868347386
1989-09-25,-0.004563605248146141
1989-09-26,0.0
1989-09-27,0.005730659025787954
1989-09-28,0.02165242165242165
1989-09-29,0.01673173452314569
1989-10-02,0.019199122325836315
1989-10-03,0.008073196986006614
1989-10-04,0.0026695141484249785
1989-10-05,-0.01863684771033025
1989-10-06,0.0010851871947910041
1989-10-09,-0.010840108401083959
1989-10-10,0.016438356164383494
1989-10-11,0.016172506738544534
1989-10-12,0.020159151193633873
1989-10-13,0.01924076963078525
1989-10-16,-0.011224489795918502
1989-10-17,0.007739938080495445
1989-10-18,-0.0051203277009729264
1989-10-19,-0.00514668039114774
1989-10-20,-0.0067252974650801045
1989-10-23,-0.01666666666666672
1989-10-24,-0.004237288135593098
1989-10-25,0.004255319148936065
1989-10-26,-0.021186440677966045
1989-10-27,0.011904761904761862
1989-10-30,0.01497326203208571
1989-10-31,-0.0026343519494205214
1989-11-01,0.015847860538827252
1989-11-02,-0.0015600624024961762
1989-11-03,-0.01041666666666663
1989-11-06,-0.0026315789473684292
1989-11-07,-0.0026385224274406704
1989-11-08,0.0
1989-11-09,-0.002645502645502451
1989-11-10,0.010610079575596787
1989-11-13,-0.010498687664041939
1989-11-14,-0.007957559681697757
1989-11-15,-0.002673796791443861
1989-11-16,0.0
1989-11-17,0.00536193029490617
1989-11-20,0.002666666666666595
1989-11-21,-0.00638297872340432
1989-11-22,-0.004282655246252598
1989-11-23,-0.010752688172043112
1989-11-24,0.004347826086956719
1989-11-27,0.0010822510822510178
1989-11-28,-0.014594594594594557
1989-11-29,-0.00438837081733412
1989-11-30,0.0181818181818183
1989-12-01,0.010822510822510845
1989-12-04,0.032119914346895095
1989-12-05,-0.005186721991701337
1989-12-06,0.005213764337852034
1989-12-07,0.002593360995850391
1989-12-08,-0.009311950336264863
1989-12-11,0.015665796344647598
1989-12-12,0.004113110539845755
1989-12-13,0.01280081925243226
1989-12-14,-0.005055611729019249
1989-12-15,0.0
1989-12-18,0.015243902439024515
1989-12-19,0.01501501501501501
1989-12-20,-0.002465483234714072
1989-12-21,-0.004943153732081096
1989-12-22,0.01838052657724787
1989-12-27,0.019512195121951237
1989-12-28,-0.0023923444976075015
1989-12-29,0.00959232613908867
1990-01-02,0.0071258907363420665
1990-01-03,0.06839622641509435
1990-01-04,-0.0066225165562913135
1990-01-05,0.028000000000000025
1990-01-08,-0.07565931690445304
1990-01-09,-0.01637043966323659
1990-01-10,0.04374702805515929
1990-01-11,-0.0031890660592255315
1990-01-12,0.011425959780621664
1990-01-15,-0.023949389968368595
1990-01-16,-0.02083333333333348
1990-01-17,-0.03309692671394793
1990-01-18,0.01613691931540351
1990-01-19,0.024061597690086645
1990-01-22,-0.018796992481203145
1990-01-23,-0.0311302681992337
1990-01-24,-0.0024715768660406034
1990-01-25,0.018334985133795945
1990-01-26,0.003892944038929258
1990-01-29,0.004847309743092554
1990-01-30,0.0
1990-01-31,-0.011095031355523366
1990-02-01,0.0039024390243902474
1990-02-02,0.007288629737609353
1990-02-05,0.0
1990-02-06,-0.006271104679208883
1990-02-07,-0.02184466019417486
1990-02-08,-0.004962779156327479
1990-02-09,-0.014962593516209544
1990-02-12,-0.0035443037974683955
1990-02-13,0.01778455284552849
1990-02-14,-0.021467798302546193
1990-02-15,0.015306122448979442
1990-02-16,-0.0010050251256281673
1990-02-19,0.0035211267605634866
1990-02-20,-0.013533834586466176
1990-02-21,-0.009146341463414642
1990-02-22,-0.007692307692307665
1990-02-23,-0.029457364341085257
1990-02-26,0.006389776357827337
1990-02-27,0.01746031746031762
1990-02-28,-0.0015600624024961762
1990-03-01,0.0067708333333333925
1990-03-02,-0.007759958613553941
1990-03-05,-0.0015641293013556323
1990-03-06,0.0015665796344648264
1990-03-07,-0.011991657977059478
1990-03-08,-0.011609498680738684
1990-03-09,-0.0026695141484249785
1990-03-12,-0.020342612419700146
1990-03-13,0.012568306010928953
1990-03-14,-0.010793308148947856
1990-03-15,0.008183306055646655
1990-03-16,-0.0043290043290044045
1990-03-19,-0.030978260869565233
1990-03-20,-0.0044868199663488095
1990-03-21,0.0016901408450704647
1990-03-22,0.0028121484814396247
1990-03-23,0.0028042624789681447
1990-03-26,0.01957494407158844
1990-03-27,-0.007131102578167847
1990-03-28,-0.003867403314917195
1990-03-29,-0.007210205213533105
1990-03-30,0.0027932960893854997
1990-04-02,0.012813370473537589
1990-04-03,0.0011001100110010764
1990-04-04,-0.013736263736263687
1990-04-05,-0.02228412256267398
1990-04-06,-0.02564102564102555
1990-04-09,-0.033333333333333326
1990-04-10,-0.03629764065335761
1990-04-11,-0.039548022598870025
1990-04-12,0.03267973856209161
1990-04-17,-0.006329113924050778
1990-04-18,-0.023566878980891715
1990-04-19,0.05218525766470972
1990-04-20,0.013639181649101273
1990-04-23,0.0366972477064218
1990-04-24,-0.01179941002949847
1990-04-25,-0.014925373134328401
1990-04-26,0.0060606060606061
1990-04-27,-0.010240963855421836
1990-04-30,-0.004869141813755196
1990-05-01,0.004892966360856121
1990-05-02,0.009129640900791047
1990-05-03,-0.039203860072376306
1990-05-04,-0.021971123666038928
1990-05-07,0.00449293966623876
1990-05-08,0.03386581469648564
1990-05-09,0.016687268232385533
1990-05-10,0.015197568389057725
1990-05-11,0.001796407185628901
1990-05-14,0.04004781829049597
1990-05-15,0.0
1990-05-16,-0.008620689655172376
1990-05-17,-0.011594202898550732
1990-05-18,0.0017595307917888103
1990-05-21,-0.025175644028103017
1990-05-22,-0.010210210210210069
1990-05-23,-0.047330097087378675
1990-05-24,0.006369426751592355
1990-05-25,0.009493670886075778
1990-05-29,-0.02946708463949832
1990-05-30,0.03229974160206717
1990-05-31,-0.04255319148936165
1990-06-01,0.00849673202614376
1990-06-04,-0.005184705119896327
1990-06-05,-0.03713355048859934
1990-06-06,0.0013531799729364913
1990-06-07,0.015540540540540437
1990-06-08,-0.02328675981370587
1990-06-11,0.0034059945504087974
1990-06-12,0.014935505770536261
1990-06-13,-0.0033444816053510573
1990-06-14,0.02684563758389258
1990-06-15,-0.009803921568627527
1990-06-18,-0.021122112211221178
1990-06-19,-0.0053944706675657095
1990-06-20,0.0
1990-06-21,0.0
1990-06-22,0.04406779661016946
1990-06-25,0.011688311688311748
1990-06-26,0.0
1990-06-27,-0.016046213093709905
1990-06-28,0.004566210045662045
1990-06-29,0.021428571428571352
1990-07-02,-0.020979020979020935
1990-07-03,0.0051948051948051965
1990-07-04,0.0
1990-07-05,-0.016149870801033583
1990-07-06,0.007879185817465384
1990-07-09,-0.024104234527687285
1990-07-10,0.040053404539385884
1990-07-11,0.007702182284980763
1990-07-12,0.01146496815286624
1990-07-13,0.07241813602015124
1990-07-16,0.039342337052260534
1990-07-17,-0.006779661016949157
1990-07-18,0.006825938566553003
1990-07-19,0.00847457627118664
1990-07-20,0.008403361344537785
1990-07-23,0.04055555555555568
1990-07-24,0.01868659903897485
1990-07-25,-0.004192872117400381
1990-07-26,-0.014210526315789451
1990-07-27,0.01601708489054987
1990-07-30,-0.0026274303730950965
1990-07-31,0.013171759747102163
1990-08-01,0.03640145605824219
1990-08-02,0.11640742599096843
1990-08-03,0.08449438202247195
1990-08-06,0.13054289266473273
1990-08-07,0.002565982404692191
1990-08-08,-0.080438756855576
1990-08-09,0.02982107355864816
1990-08-10,0.015444015444015635
1990-08-13,0.012547528517110162
1990-08-14,0.017649267743147012
1990-08-15,-0.02103321033210337
1990-08-16,0.025254428948360275
1990-08-17,0.045955882352941124
1990-08-20,0.01581722319859402
1990-08-21,0.00519031141868509
1990-08-22,0.04819277108433728
1990-08-23,0.062397372742200474
1990-08-24,-0.021638330757341673
1990-08-27,-0.12638230647709325
1990-08-28,0.0
1990-08-29,0.0
1990-08-30,-0.005424954792043302
1990-08-31,0.01090909090909098
1990-09-03,0.09820143884892096
1990-09-04,-0.014739600393056107
1990-09-05,0.03823138297872353
1990-09-06,0.029458853666346485
1990-09-07,-0.021772939346811793
1990-09-10,0.0
1990-09-11,0.020667726550079646
1990-09-12,-0.02554517133956391
1990-09-13,0.019181585677749302
1990-09-14,0.04611041405269778
1990-09-17,0.04647676161919034
1990-09-18,0.03008595988538687
1990-09-19,-0.024200278164116962
1990-09-20,0.016248574686430928
1990-09-21,0.036465638148667656
1990-09-24,0.10284167794316645
1990-09-25,-0.020858895705521463
1990-09-26,0.023809523809523947
1990-09-27,0.014687882496940086
1990-09-28,-0.010856453558504287
1990-10-01,-0.04999999999999993
1990-10-02,-0.08985879332477531
1990-10-03,0.05923836389280668
1990-10-04,-0.009320905459387352
1990-10-05,0.04973118279569877
1990-10-08,0.003841229193342066
1990-10-09,0.04336734693877542
1990-10-10,-0.017114914425427785
1990-10-11,0.023631840796019876
1990-10-12,-0.03037667071688943
1990-10-15,-0.040601503759398416
1990-10-16,0.01698014629049105
1990-10-17,-0.09247367069098389
1990-10-18,0.009057458250778305
1990-10-19,-0.06872370266479655
1990-10-22,-0.1731927710843374
1990-10-23,0.05464480874316946
1990-10-24,0.039723661485319584
1990-10-25,0.09302325581395343
1990-10-26,0.025227963525835895
1990-10-29,0.027275422472576416
1990-10-30,0.024531024531024626
1990-10-31,-0.03380281690140852
1990-11-01,0.039358600583090375
1990-11-02,-0.016830294530154277
1990-11-05,-0.03566333808844513
1990-11-06,-0.017751479289940697
1990-11-07,0.04066265060240948
1990-11-08,0.00868306801736618
1990-11-09,-0.017216642754662836
1990-11-12,-0.040875912408759096
1990-11-13,0.0243531202435312
1990-11-14,-0.05052005943536397
1990-11-15,0.007824726134585402
1990-11-16,-0.05124223602484479
1990-11-19,0.009819967266775809
1990-11-20,-0.024311183144246407
1990-11-21,0.018272425249169277
1990-11-22,0.02446982055464919
1990-11-23,0.02070063694267521
1990-11-26,0.0951638065522622
1990-11-27,-0.007692307692307776
1990-11-28,-0.020958943439563504
1990-11-29,0.016129032258064502
1990-11-30,-0.09956709956709953
1990-12-03,0.0016025641025640969
1990-12-04,0.008000000000000007
1990-12-05,-0.041269841269841345
1990-12-06,-0.0943708609271523
1990-12-07,0.034734917733089565
1990-12-10,0.01590106007067127
1990-12-11,-0.0250434782608695
1990-12-12,-0.026757046022119146
1990-12-13,0.019061583577712593
1990-12-14,0.02338129496402863
1990-12-17,-0.008787346221441172
1990-12-18,-0.023049645390070927
1990-12-19,0.021052631578947212
1990-12-20,-0.020618556701030855
1990-12-21,-0.02359346642468252
1990-12-24,0.029739776951672958
1990-12-26,0.0
1990-12-27,-0.023465703971119134
1990-12-28,0.014048059149722736
1990-12-31,0.03353991979584392
1991-01-02,-0.05537918871252201
1991-01-03,-0.06460044809559373
1991-01-04,-0.038722554890219696
1991-01-07,0.07682724252491702
1991-01-08,-0.007713073659853409
1991-01-09,-0.13136416634279047
1991-01-10,0.18926174496644288
1991-01-11,-0.019939804364183522
1991-01-14,0.13435700575815734
1991-01-15,-0.010152284263959421
1991-01-16,0.035213675213675355
1991-01-17,-0.30317040951122853
1991-01-18,-0.09478672985781988
1991-01-21,0.00785340314136107
1991-01-22,0.076883116883117
1991-01-23,0.06849975880366599
1991-01-24,-0.05643340857787815
1991-01-25,-0.004784688995215225
1991-01-28,-0.019230769230769384
1991-01-29,0.0171568627450982
1991-01-30,0.009638554216867545
1991-01-31,-0.011933174224343701
1991-02-01,0.004830917874396157
1991-02-04,-0.016826923076923128
1991-02-05,-0.012224938875305624
1991-02-06,0.03613861386138617
1991-02-07,-0.0014333492594362784
1991-02-08,-0.011961722488038284
1991-02-11,0.028087167070218078
1991-02-12,-0.00612341026848795
1991-02-13,-0.004739336492891044
1991-02-14,-0.023809523809523836
1991-02-15,-0.10487804878048779
1991-02-18,-0.036512261580381566
1991-02-19,0.009615384615384803
1991-02-20,0.05042016806722671
1991-02-21,-0.010666666666666602
1991-02-22,-0.040431266846361225
1991-02-25,0.0016853932584268705
1991-02-26,0.00953449242849147
1991-02-27,0.03611111111111098
1991-02-28,0.04557640750670244
1991-03-01,-0.008717948717948842
1991-03-04,0.04500775995861361
1991-03-05,-0.007425742574257321
1991-03-06,-0.009975062344139585
1991-03-07,-0.010075566750629816
1991-03-08,-0.027989821882951516
1991-03-11,-0.02617801047120416
1991-03-12,-0.009139784946236684
1991-03-13,0.1030927835051545
1991-03-14,-0.01721593703885871
1991-03-15,-0.04654654654654655
1991-03-18,-0.03937007874015752
1991-03-19,0.03551912568306004
1991-03-20,0.0015831134564643357
1991-03-21,-0.009483667017913588
1991-03-22,0.007978723404255206
1991-03-25,-0.01846965699208436
1991-03-26,-0.013440860215053752
1991-03-27,-0.010899182561308063
1991-03-28,-0.008264462809917328
1991-04-01,0.0
1991-04-02,-0.02055555555555566
1991-04-03,0.006806579693704018
1991-04-04,0.014084507042253502
1991-04-05,0.019444444444444597
1991-04-08,0.01253405994550394
1991-04-09,0.0010764262648010892
1991-04-10,0.034946236559139754
1991-04-11,0.01298701298701288
1991-04-12,0.02205128205128193
1991-04-15,0.015052684395383986
1991-04-16,-0.016312407315867583
1991-04-17,-0.002512562814070196
1991-04-18,-0.02267002518891703
1991-04-19,-0.01134020618556697
1991-04-22,0.03128258602711176
1991-04-23,-0.009100101112234582
1991-04-24,-0.0025510204081633514
1991-04-25,0.002557544757033181
1991-04-26,0.001530612244897922
1991-04-29,0.016301579215486584
1991-04-30,-0.01253132832080206
1991-05-01,0.0
1991-05-02,0.0
1991-05-03,-0.0076142131979695105
1991-05-06,0.01278772378516635
1991-05-07,0.002525252525252597
1991-05-08,-0.0025188916876575096
1991-05-09,0.01414141414141401
1991-05-10,-0.027390438247011817
1991-05-13,-0.014336917562724039
1991-05-14,-0.01558441558441559
1991-05-15,-0.00791556728232179
1991-05-16,-0.0026595744680851796
1991-05-17,0.0
1991-05-20,0.008000000000000007
1991-05-21,0.006878306878306928
1991-05-22,-0.023646873357856202
1991-05-23,0.010764262648008671
1991-05-24,0.0026624068157612424
1991-05-28,0.009028146574615148
1991-05-29,-0.013157894736842146
1991-05-30,-0.0010666666666666602
1991-05-31,0.014415376401494928
1991-06-03,0.0
1991-06-04,-0.008947368421052704
1991-06-05,-0.010621348911311723
1991-06-06,-0.03220611916264082
1991-06-07,0.01386577925679422
1991-06-10,-0.015317286652078876
1991-06-11,-0.008333333333333304
1991-06-12,-0.006722689075630339
1991-06-13,0.015228426395939021
1991-06-14,-0.01666666666666672
1991-06-17,0.00847457627118664
1991-06-18,0.008403361344537785
1991-06-19,-0.00666666666666671
1991-06-20,0.015100671140939603
1991-06-21,0.015426997245179042
1991-06-24,-0.013564839934888773
1991-06-25,-0.0016501650165017256
1991-06-26,-0.0027548209366389242
1991-06-27,-0.0011049723756907381
1991-06-28,0.02212389380530988
1991-07-01,0.0027056277056276556
1991-07-02,0.0010793308148946412
1991-07-03,-0.0026954177897574594
1991-07-04,-0.00108108108108107
1991-07-05,0.011904761904761862
1991-07-08,0.01497326203208571
1991-07-09,0.0026343519494205214
1991-07-10,0.010509721492380386
1991-07-11,-0.0015600624024961762
1991-07-12,0.030208333333333393
1991-07-15,-0.009100101112234582
1991-07-16,0.011734693877550884
1991-07-17,0.015128593040847349
1991-07-18,0.007451564828614199
1991-07-19,0.0
1991-07-22,-0.009861932938856177
1991-07-23,-0.02490039840637448
1991-07-24,-0.012768130745658857
1991-07-25,0.013967925504397405
1991-07-26,0.006632653061224403
1991-07-29,-0.007602635580334582
1991-07-30,-0.005107252298263476
1991-07-31,0.008726899383983522
1991-08-01,0.004071246819338459
1991-08-02,-0.016725798276736037
1991-08-05,0.005154639175257714
1991-08-06,-0.002564102564102555
1991-08-07,-0.005141388174807138
1991-08-08,0.018087855297157507
1991-08-09,-0.006091370558375719
1991-08-12,0.0025536261491319046
1991-08-13,-0.0066225165562913135
1991-08-14,-0.013846153846153841
1991-08-15,0.0010400416016640435
1991-08-16,0.0051948051948051965
1991-08-19,0.06201550387596888
1991-08-20,0.02092457420924565
1991-08-21,-0.06816015252621543
1991-08-22,-0.001023017902813228
1991-08-23,0.016385048643113187
1991-08-26,0.00906801007556668
1991-08-27,0.0
1991-08-28,-0.0024962556165751826
1991-08-29,0.0160160160160161
1991-08-30,0.011330049261083719
1991-09-02,0.005845104724792938
1991-09-03,-0.004842615012106477
1991-09-04,-0.014598540145985384
1991-09-05,-0.007407407407407307
1991-09-06,0.0014925373134326847
1991-09-09,-0.013909587680079327
1991-09-10,0.004030226700251882
1991-09-11,0.00351229302558953
1991-09-12,0.012499999999999956
1991-09-13,0.004938271604938427
1991-09-16,0.008845208845208896
1991-09-17,-0.011203117389186557
1991-09-18,0.011330049261083719
1991-09-19,-0.004870920603994189
1991-09-20,0.005873715124816492
1991-09-23,0.013625304136252847
1991-09-24,-0.0038406144983196278
1991-09-25,-0.004819277108433773
1991-09-26,0.016949152542373058
1991-09-27,0.02285714285714291
1991-09-30,-0.002327746741154546
1991-10-01,-0.013065795613625864
1991-10-02,0.007092198581560405
1991-10-03,0.021126760563380254
1991-10-04,0.0036781609195402076
1991-10-07,0.006871278057718921
1991-10-08,-0.0013648771610555999
1991-10-09,0.02186788154897501
1991-10-10,-0.013374944271065559
1991-10-11,-0.00225937641211027
1991-10-14,0.023550724637681375
1991-10-15,0.01017699115044235
1991-10-16,-0.010074463425317481
1991-10-17,0.005752212389380507
1991-10-18,0.011878574571051459
1991-10-21,-0.0021739130434782483
1991-10-22,-0.013071895424836666
1991-10-23,-0.007505518763796792
1991-10-24,-0.010231316725978656
1991-10-25,0.004494382022471877
1991-10-28,-0.020134228187919545
1991-10-29,-0.0022831050228309113
1991-10-30,0.004576659038901587
1991-10-31,0.002277904328018332
1991-11-01,0.024090909090909163
1991-11-04,0.008877052818464293
1991-11-05,-0.008798944126704789
1991-11-06,-0.023524189968930354
1991-11-07,-0.006818181818181723
1991-11-08,-0.0022883295194507935
1991-11-11,-0.016055045871559703
1991-11-12,-0.011655011655011704
1991-11-13,0.014150943396226356
1991-11-14,-0.023255813953488413
1991-11-15,0.030000000000000027
1991-11-18,-0.012944983818770073
1991-11-19,-0.012646370023419395
1991-11-20,-0.028462998102466663
1991-11-21,0.01220703125
1991-11-22,-0.027978774722624333
1991-11-25,-0.018362282878411795
1991-11-26,0.0
1991-11-27,-0.0065722952477250685
1991-11-28,0.016793893129771087
1991-11-29,0.005005005005005003
1991-12-02,-0.02390438247011939
1991-12-03,-0.020408163265306256
1991-12-04,-0.0010416666666666075
1991-12-05,-0.0015641293013556323
1991-12-06,-0.005221932114882422
1991-12-09,-0.04199475065616798
1991-12-10,-0.008219178082191747
1991-12-11,0.009944751381215422
1991-12-12,0.01641137855579844
1991-12-13,0.025296017222820266
1991-12-16,-0.026246719160105014
1991-12-17,-0.02264150943396237
1991-12-18,0.0011031439602868787
1991-12-19,0.0
1991-12-20,0.02203856749311317
1991-12-23,-0.05121293800539084
1991-12-24,0.010227272727272751
1991-12-26,0.0
1991-12-27,-0.0016872890888639525
1991-12-30,0.014084507042253502
1991-12-31,-0.01388888888888884
1992-01-02,0.03943661971830981
1992-01-03,0.0027100271002711285
1992-01-06,0.013513513513513598
1992-01-07,-0.01866666666666672
1992-01-08,-0.059782608695652106
1992-01-09,-0.006936416184971206
1992-01-10,0.0029103608847498297
1992-01-13,0.04933255948926285
1992-01-14,0.00829646017699126
1992-01-15,0.008228195282501183
1992-01-16,0.016322089227421177
1992-01-17,-0.010706638115631661
1992-01-20,-0.0016233766233766378
1992-01-21,-0.032520325203251876
1992-01-22,-0.0011204481792719267
1992-01-23,0.015143017386427537
1992-01-24,0.012707182320441879
1992-01-27,0.01200218221494831
1992-01-28,-0.006469002695417836
1992-01-29,-0.015192620727075501
1992-01-30,-0.0027548209366389242
1992-01-31,0.0027624309392264568
1992-02-03,0.011019283746556585
1992-02-04,0.0027247956403269047
1992-02-05,0.004347826086956719
1992-02-06,0.0027056277056276556
1992-02-07,0.002698327037236714
1992-02-10,0.01991388589881593
1992-02-11,-0.024802110817941925
1992-02-12,-0.008116883116883189
1992-02-13,0.010911074740862059
1992-02-14,0.00539665407447365
1992-02-17,-0.05260332796564682
1992-02-18,0.0028328611898016387
1992-02-19,-0.011299435028248594
1992-02-20,0.020000000000000018
1992-02-21,0.008403361344537785
1992-02-24,-0.03333333333333344
1992-02-25,0.0017241379310346527
1992-02-26,-0.008605851979345824
1992-02-27,0.015625
1992-02-28,-0.005698005698005826
1992-03-02,-0.005730659025787843
1992-03-03,-0.01729106628242083
1992-03-04,0.013489736070381175
1992-03-05,0.00868055555555558
1992-03-06,-0.007458405048766492
1992-03-09,0.0028901734104047616
1992-03-10,0.0
1992-03-11,-0.008645533141210526
1992-03-12,0.008720930232558155
1992-03-13,0.021902017291066223
1992-03-16,0.0
1992-03-17,0.008460236886632666
1992-03-18,-0.012863534675615185
1992-03-19,0.0
1992-03-20,0.0056657223796034994
1992-03-23,-0.009577464788732448
1992-03-24,0.003981797497155881
1992-03-25,0.0028328611898016387
1992-03-26,0.015819209039548143
1992-03-27,-0.007230255839821953
1992-03-30,0.007282913165266081
1992-03-31,0.06173526140155716
1992-04-01,-0.03719224724986914
1992-04-02,0.008161044613710589
1992-04-03,0.00539665407447365
1992-04-06,0.016103059581320522
1992-04-07,0.0
1992-04-08,0.013206550449022636
1992-04-09,-0.011991657977059478
1992-04-10,0.005277044854881341
1992-04-13,-0.0010498687664042272
1992-04-14,-0.009458749343142392
1992-04-15,-0.01326259946949604
1992-04-16,0.018817204301075252
1992-04-20,0.0
1992-04-21,0.0026385224274407815
1992-04-22,-0.014210526315789451
1992-04-23,-0.0016017084890550537
1992-04-24,0.010695187165775444
1992-04-27,0.0
1992-04-28,0.014814814814814836
1992-04-29,0.005213764337852034
1992-04-30,0.019190871369294538
1992-05-01,0.009160305343511421
1992-05-04,0.002521432173474558
1992-05-05,0.005030181086519203
1992-05-06,-0.01501501501501501
1992-05-07,-0.0015243902439024959
1992-05-08,-0.0010178117048346147
1992-05-11,0.005094243504839557
1992-05-12,0.00354789660415622
1992-05-13,0.007575757575757569
1992-05-14,-0.010025062656641603
1992-05-15,-0.0025316455696202667
1992-05-18,0.0
1992-05-19,-0.02030456852791873
1992-05-20,-0.0010362694300517505
1992-05-21,0.016597510373443924
1992-05-22,-0.0010204081632654294
1992-05-26,0.04698672114402469
1992-05-27,0.014634146341463428
1992-05-28,-0.0033653846153846034
1992-05-29,-0.0014471780028944004
1992-06-01,0.009661835748792313
1992-06-02,-0.0023923444976075015
1992-06-03,0.018225419664268605
1992-06-04,-0.007065473386717036
1992-06-05,0.012808349146110176
1992-06-08,-0.004683840749414636
1992-06-09,-0.0056470588235294494
1992-06-10,-0.003786086133459432
1992-06-11,0.013301662707838391
1992-06-12,-0.0023441162681667738
1992-06-15,0.0009398496240602405
1992-06-16,-0.007981220657277022
1992-06-17,-0.004732607666824373
1992-06-18,0.00951022349025199
1992-06-19,-0.004710315591144654
1992-06-22,-0.014197823000473342
1992-06-23,0.02496399423907847
1992-06-24,0.00936768149882905
1992-06-25,-0.0023201856148492572
1992-06-26,-0.009302325581395321
1992-06-29,-0.010328638497652642
1992-06-30,-0.022770398481973264
1992-07-01,-0.016990291262136026
1992-07-02,0.01382716049382715
1992-07-03,0.005845104724792938
1992-07-06,-0.009685230024213065
1992-07-07,-0.0317848410757946
1992-07-08,-0.005050505050505083
1992-07-09,0.004060913705583813
1992-07-10,0.011122345803842304
1992-07-13,-0.008500000000000063
1992-07-14,0.0075642965204236745
1992-07-15,-0.006506506506506415
1992-07-16,0.019143576826196496
1992-07-17,-0.0014829461196244065
1992-07-20,-0.012376237623762387
1992-07-21,0.004010025062656686
1992-07-22,0.009985022466300508
1992-07-23,0.012357884330202573
1992-07-24,0.005859375
1992-07-27,-0.000970873786407922
1992-07-28,0.009718172983479212
1992-07-29,-0.004812319538017418
1992-07-30,-0.009671179883945835
1992-07-31,-0.004882812500000111
1992-08-03,-0.002453385672227748
1992-08-04,-0.02361042793900625
1992-08-05,-0.008564231738035333
1992-08-06,0.005081300813008172
1992-08-07,-0.0015166835187058192
1992-08-10,-0.010126582278480956
1992-08-11,-0.00358056265984652
1992-08-12,0.008726899383983522
1992-08-13,0.009160305343511421
1992-08-14,0.002521432173474558
1992-08-17,0.0035211267605634866
1992-08-18,-0.0025062656641604564
1992-08-19,-0.005025125628140614
1992-08-20,-0.008585858585858697
1992-08-21,0.0025471217524197787
1992-08-24,-0.0015243902439024959
1992-08-25,0.0015267175572519776
1992-08-26,-0.002540650406504086
1992-08-27,-0.0066225165562913135
1992-08-28,0.007692307692307665
1992-08-31,0.0
1992-09-01,0.011704834605597902
1992-09-02,0.006036217303823088
1992-09-03,-0.0025000000000000577
1992-09-04,0.004010025062656686
1992-09-07,0.004992511233150143
1992-09-08,0.008445106805762714
1992-09-09,0.001477832512315258
1992-09-10,-0.0014756517461878005
1992-09-11,0.0024630541871921707
1992-09-14,0.01621621621621605
1992-09-15,-0.008704061895551285
1992-09-16,-0.0034146341463414664
1992-09-17,-0.003915810083210847
1992-09-18,-0.002457002457002533
1992-09-21,-0.007389162561576512
1992-09-22,0.008933002481389618
1992-09-23,0.009837678307919484
1992-09-24,-0.004870920603994189
1992-09-25,-0.00489476260401378
1992-09-28,-0.0024594195769797045
1992-09-29,-0.004930966469428033
1992-09-30,0.0
1992-10-01,0.0049554013875123815
1992-10-02,0.005917159763313418
1992-10-05,-0.009803921568627416
1992-10-06,0.0014851485148514865
1992-10-07,0.0024715768660406034
1992-10-08,0.009861932938856066
1992-10-09,0.0
1992-10-12,0.015625
1992-10-13,0.0014423076923075762
1992-10-14,-0.007201152184349469
1992-10-15,0.0024177949709864865
1992-10-16,0.002411963338157186
1992-10-19,-0.002406159769008709
1992-10-20,-0.002411963338157297
1992-10-21,-0.01934235976789156
1992-10-22,-0.007396449704142105
1992-10-23,-0.004967709885742577
1992-10-26,-0.01248127808287569
1992-10-27,0.0
1992-10-28,-0.0065722952477250685
1992-10-29,-0.012722646310432517
1992-10-30,-0.013917525773195827
1992-11-02,0.006272869837950834
1992-11-03,0.0051948051948051965
1992-11-04,-0.016537467700258435
1992-11-05,0.008933263268523284
1992-11-06,-0.003645833333333348
1992-11-09,-0.001568217459487542
1992-11-10,0.02251308900523563
1992-11-11,-0.0066564260112648155
1992-11-12,-0.01134020618556697
1992-11-13,-0.006777893639207444
1992-11-16,0.007874015748031482
1992-11-17,-0.0026041666666667407
1992-11-18,-0.0026109660574411553
1992-11-19,0.019895287958115127
1992-11-20,0.0
1992-11-23,-0.016940451745379947
1992-11-24,0.0015665796344648264
1992-11-25,0.005213764337852034
1992-11-26,-0.018153526970954403
1992-11-27,0.007923930269413626
1992-11-30,0.008909853249476019
1992-12-01,-0.03116883116883129
1992-12-02,-0.014477211796246614
1992-12-03,-0.009793253536452662
1992-12-04,0.008241758241758435
1992-12-07,-0.005449591280654031
1992-12-08,-0.00931506849315078
1992-12-09,-0.015486725663716672
1992-12-10,0.026966292134831482
1992-12-11,-0.004376367614879806
1992-12-14,-0.009340659340659196
1992-12-15,-0.012756516916250682
1992-12-16,0.00561797752808979
1992-12-17,0.015642458100558754
1992-12-18,0.0066006600660066805
1992-12-21,0.0016393442622948395
1992-12-22,-0.013638843426077463
1992-12-23,0.00829646017699126
1992-12-24,0.0027427317608337276
1992-12-29,-0.019146608315098512
1992-12-30,-0.005577244841048601
1992-12-31,0.00112170499158748
1993-01-04,-0.006722689075630339
1993-01-05,-0.01410039481105474
1993-01-06,0.0028604118993136307
1993-01-07,0.0028522532800911993
1993-01-08,-0.019908987485779184
1993-01-11,0.0029019152640743506
1993-01-12,-0.02488425925925919
1993-01-13,0.0
1993-01-14,0.008902077151335286
1993-01-15,0.016470588235294237
1993-01-18,-0.0017361111111111605
1993-01-19,-0.01565217391304341
1993-01-20,-0.016489988221437102
1993-01-21,0.010778443113772518
1993-01-22,0.011848341232227444
1993-01-25,0.02927400468384067
1993-01-26,0.019908987485779406
1993-01-27,-0.002788622420524356
1993-01-28,0.015100671140939603
1993-01-29,0.0181818181818183
1993-02-01,0.0037878787878788955
1993-02-02,-0.008086253369272378
1993-02-04,0.013586956521739024
1993-02-05,0.002680965147453085
1993-02-08,-0.008021390374331472
1993-02-09,-0.011859838274932755
1993-02-10,0.008183306055646655
1993-02-11,-0.0027056277056277667
1993-02-12,0.0027129679869777323
1993-02-15,-0.027056277056277
1993-02-16,0.012235817575083408
1993-02-17,-0.014835164835164782
1993-02-18,-0.005577244841048601
1993-02-19,0.026360067302299672
1993-02-22,0.0180327868852459
1993-02-23,0.013419216317767102
1993-02-24,0.0
1993-02-25,-0.0026483050847457834
1993-02-26,0.0
1993-03-01,0.010621348911311834
1993-03-02,-0.010509721492380608
1993-03-03,0.005310674455655917
1993-03-04,0.022187004754358197
1993-03-05,0.012919896640826822
1993-03-08,-0.01632653061224487
1993-03-09,-0.002593360995850613
1993-03-10,-0.007800312012480659
1993-03-11,-0.01991614255765195
1993-03-12,0.006951871657753905
1993-03-15,0.0026553372278279586
1993-03-16,-0.017478813559321904
1993-03-17,0.0026954177897573484
1993-03-18,0.005376344086021501
1993-03-19,-0.0064171122994652885
1993-03-22,-0.02152852529601712
1993-03-23,0.002750275027502802
1993-03-24,0.01645639056500281
1993-03-25,0.0037776578521317994
1993-03-26,-0.0026881720430107503
1993-03-29,0.005390835579514697
1993-03-30,-0.01072386058981234
1993-03-31,0.013550135501354976
1993-04-01,0.01497326203208571
1993-04-02,-0.005268703898840932
1993-04-05,0.00370762711864403
1993-04-06,-0.0158311345646438
1993-04-07,0.002680965147453085
1993-04-08,-0.009090909090909038
1993-04-13,0.014570966001079322
1993-04-14,-0.0037234042553191404
1993-04-15,-0.005339028296850068
1993-04-16,-0.006977992485238782
1993-04-19,-0.00108108108108107
1993-04-20,0.0027056277056276556
1993-04-21,0.008094981111710586
1993-04-22,-0.010706638115631661
1993-04-23,0.008116883116882967
1993-04-26,0.0
1993-04-27,-0.0026838432635534204
1993-04-28,-0.0053821313240042246
1993-04-29,0.017316017316017396
1993-04-30,0.0026595744680850686
1993-05-04,0.0026525198938991412
1993-05-05,-0.002645502645502451
1993-05-06,0.014854111405835368
1993-05-07,-0.007841087297438487
1993-05-10,0.0
1993-05-11,-0.007903055848261453
1993-05-12,0.003717472118959231
1993-05-13,-0.010582010582010581
1993-05-14,-0.016042780748663166
1993-05-17,-0.006521739130434634
1993-05-18,-0.005470459518599591
1993-05-19,-0.002750275027502802
1993-05-20,-0.001654715940430096
1993-05-21,-0.002762430939226568
1993-05-24,0.005540166204986097
1993-05-25,0.0
1993-05-26,-0.0038567493112947604
1993-05-27,0.0193584070796462
1993-05-28,0.0
1993-06-01,0.0027129679869777323
1993-06-02,0.0
1993-06-03,-0.017857142857142905
1993-06-04,0.005509641873278293
1993-06-07,-0.013698630136986356
1993-06-08,0.012777777777777777
1993-06-09,0.0
1993-06-10,-0.001645639056500392
1993-06-11,-0.03131868131868132
1993-06-14,-0.0028360748723766926
1993-06-15,-0.015927189988623303
1993-06-16,0.001734104046242635
1993-06-17,-0.0057703404500863975
1993-06-18,-0.005803830528148701
1993-06-21,0.0029188558085231353
1993-06-22,0.0
1993-06-23,0.0
1993-06-24,0.0029103608847498297
1993-06-25,0.0
1993-06-28,0.0
1993-06-29,0.014509576320371531
1993-06-30,-0.0028604118993135197
1993-07-01,-0.025817555938037806
1993-07-02,-0.020612485276796266
1993-07-05,0.015033072760072264
1993-07-06,0.014810426540284416
1993-07-07,-0.013426736719206134
1993-07-08,-0.020710059171597517
1993-07-09,-0.0012084592145015227
1993-07-12,0.015124016938898865
1993-07-13,0.01013110846245513
1993-07-14,-0.02654867256637161
1993-07-15,-0.00121212121212122
1993-07-16,0.00728155339805836
1993-07-19,-0.001204819277108582
1993-07-20,0.0
1993-07-21,0.009047044632086942
1993-07-22,-0.004781829049611552
1993-07-23,0.012012012012012185
1993-07-26,0.0
1993-07-27,0.0
1993-07-28,0.016617210682492445
1993-07-29,-0.0029188558085231353
1993-07-30,-0.013466042154566593
1993-08-02,0.0
1993-08-03,-0.0189910979228487
1993-08-04,0.006049606775559546
1993-08-05,-0.0018039687312084718
1993-08-06,-0.013253012048192958
1993-08-09,0.004273504273504258
1993-08-10,-0.009118541033434568
1993-08-11,0.01717791411042935
1993-08-12,0.012062726176115923
1993-08-13,0.008939213349225206
1993-08-16,-0.007678676904902426
1993-08-17,0.004761904761904745
1993-08-18,-0.014810426540284416
1993-08-19,0.0
1993-08-20,0.0030066145520144527
1993-08-23,0.008992805755395628
1993-08-24,0.005941770647653
1993-08-25,-0.01476668635558176
1993-08-26,0.004196642685851293
1993-08-27,0.017910447761193993
1993-08-31,-0.01876832844574783
1993-09-01,-0.01075911536162577
1993-09-02,-0.0030211480362538623
1993-09-03,-0.01030303030303037
1993-09-06,-0.006123698714023185
1993-09-07,-0.023413431916204597
1993-09-08,-0.012618296529968376
1993-09-09,0.005111821086261958
1993-09-10,-0.019071837253655466
1993-09-13,0.0
1993-09-14,0.009721322099805585
1993-09-15,-0.014762516046213148
1993-09-16,0.005211726384364734
1993-09-17,0.007777057679844601
1993-09-20,0.03086816720257235
1993-09-21,0.013724266999376011
1993-09-22,-0.022769230769230764
1993-09-23,0.0
1993-09-24,0.01385390428211597
1993-09-27,0.0
1993-09-28,0.01863354037267073
1993-09-29,0.023170731707317316
1993-09-30,0.02681764004767584
1993-10-01,-0.008705745792222941
1993-10-04,-0.010538641686182681
1993-10-05,-0.007100591715976212
1993-10-06,0.011918951132300348
1993-10-07,-0.005889281507656108
1993-10-08,0.005924170616113722
1993-10-11,0.00883392226148394
1993-10-12,0.0011675423234092097
1993-10-13,-0.008746355685131157
1993-10-14,-0.0117647058823529
1993-10-15,-0.005952380952381042
1993-10-18,-0.0119760479041916
1993-10-19,0.001818181818181941
1993-10-20,0.00907441016333932
1993-10-21,0.011990407673860837
1993-10-22,-0.023696682464454888
1993-10-25,-0.021237864077670032
1993-10-26,-0.011159330440173587
1993-10-27,0.0
1993-10-28,-0.007523510971786829
1993-10-29,-0.025268477574226123
1993-11-01,0.025923525599481634
1993-11-02,-0.012634238787113006
1993-11-03,0.012795905310300615
1993-11-04,-0.0031585596967783625
1993-11-05,-0.003168567807350975
1993-11-08,-0.028607755880483254
1993-11-09,0.00327225130890052
1993-11-10,-0.006523157208088715
1993-11-11,-0.0032829940906107247
1993-11-12,-0.006587615283267456
1993-11-15,0.011273209549071517
1993-11-16,0.0052459016393442415
1993-11-17,0.014350945857795283
1993-11-18,-0.009646302250803873
1993-11-19,-0.009740259740259716
1993-11-22,0.006557377049180246
1993-11-23,-0.006514657980456029
1993-11-24,-0.007868852459016362
1993-11-25,-0.051553205551883696
1993-11-26,-0.004878048780487809
1993-11-29,-0.016106442577030755
1993-11-30,0.012811387900355742
1993-12-01,0.014054813773717534
1993-12-02,-0.019404019404019368
1993-12-03,-0.014134275618374659
1993-12-06,-0.0035842293906809264
1993-12-07,-0.0014388489208633226
1993-12-08,-0.03097982708933733
1993-12-09,0.011152416356877248
1993-12-10,0.014705882352941346
1993-12-13,0.007246376811594235
1993-12-14,0.06330935251798553
1993-12-15,-0.06630581867388352
1993-12-16,-0.01231884057971011
1993-12-17,0.01614086573734408
1993-12-20,-0.01588447653429592
1993-12-21,-0.013206162876008953
1993-12-22,0.011152416356877248
1993-12-23,-0.00367647058823517
1993-12-24,-0.012546125461254554
1993-12-29,-0.01868460388639759
1993-12-30,0.005331302361005319
1993-12-31,-0.0015151515151514694
1994-01-04,0.01896813353566018
1994-01-05,0.04988830975428149
1994-01-06,0.03191489361702127
1994-01-07,0.005498281786941561
1994-01-10,-0.03280929596719073
1994-01-11,-0.0035335689045936647
1994-01-12,-0.014184397163120477
1994-01-13,-0.010791366906474864
1994-01-14,0.025454545454545396
1994-01-17,0.021276595744680993
1994-01-18,-0.02083333333333337
1994-01-19,0.010638297872340496
1994-01-20,-0.010526315789473717
1994-01-21,0.009219858156028327
1994-01-24,0.008432888264230387
1994-01-25,0.019512195121951237
1994-01-26,0.011619958988380086
1994-01-27,-0.0013513513513514486
1994-01-28,-0.008795669824086527
1994-01-31,0.012286689419795271
1994-02-01,0.013486176668914274
1994-02-02,0.02461743180306053
1994-02-03,0.0051948051948051965
1994-02-04,-0.03552971576227393
1994-02-07,-0.022103148024112507
1994-02-08,-0.03219178082191776
1994-02-09,-0.04246284501061581
1994-02-10,0.003695491500369519
1994-02-11,0.008836524300441795
1994-02-14,-0.021897810218978075
1994-02-15,-0.020149253731343242
1994-02-16,-0.0038080731150038627
1994-02-17,0.015290519877675823
1994-02-18,-0.02108433734939752
1994-02-21,0.0038461538461538325
1994-02-22,0.011494252873563093
1994-02-23,0.0
1994-02-24,0.015151515151515138
1994-02-25,-0.0052238805970149516
1994-02-28,0.019504876219054834
1994-03-01,-0.010301692420897735
1994-03-02,0.003717472118959231
1994-03-03,0.0037037037037037646
1994-03-04,-0.008856088560885711
1994-03-07,-0.022338049143708072
1994-03-08,0.0015232292460014563
1994-03-09,0.011406844106463865
1994-03-10,-0.0052631578947368585
1994-03-11,0.035525321239606944
1994-03-14,0.024087591240876005
1994-03-15,0.01781895937277267
1994-03-16,0.0014005602240896309
1994-03-17,-0.0034965034965035446
1994-03-18,-0.014035087719298178
1994-03-21,0.03558718861209975
1994-03-22,0.01718213058419238
1994-03-23,-0.020270270270270285
1994-03-24,0.002068965517241228
1994-03-25,0.0034411562284928365
1994-03-28,-0.05692729766803839
1994-03-29,-0.026909090909090883
1994-03-30,-0.011210762331838597
1994-03-31,0.0015117157974300355
1994-04-05,0.08150943396226418
1994-04-06,0.0
1994-04-07,0.00488485694347518
1994-04-08,-0.00694444444444442
1994-04-11,0.030069930069930084
1994-04-12,0.004752206381534396
1994-04-13,0.013513513513513375
1994-04-14,0.01866666666666661
1994-04-15,-0.003272251308900409
1994-04-18,0.01641497045305318
1994-04-19,-0.022609819121446995
1994-04-20,0.011235955056179803
1994-04-21,0.021568627450980316
1994-04-22,0.04158669225847733
1994-04-25,0.006142506142505999
1994-04-26,-0.020146520146520075
1994-04-27,-0.01869158878504673
1994-04-28,-0.006349206349206327
1994-04-29,-0.019169329073482455
1994-05-03,0.03778501628664488
1994-05-04,0.0012554927809165228
1994-05-05,-0.006269592476489061
1994-05-06,0.025236593059936974
1994-05-09,0.004923076923076808
1994-05-10,-0.004898958971218503
1994-05-11,-0.009230769230769154
1994-05-12,0.009316770186335255
1994-05-13,0.01538461538461533
1994-05-16,-0.016363636363636358
1994-05-17,-0.02464571780653113
1994-05-18,0.009475679090334754
1994-05-19,0.010638297872340274
1994-05-20,0.004953560371517174
1994-05-23,0.02464571780653113
1994-05-24,0.0
1994-05-25,-0.018039687312086605
1994-05-26,-0.015309246785058184
1994-05-27,0.0
1994-05-31,0.006218905472636926
1994-06-01,0.013597033374536327
1994-06-02,-0.0030487804878046587
1994-06-03,-0.013455657492354889
1994-06-06,0.0030998140111593298
1994-06-07,-0.014215080346106301
1994-06-08,-0.018808777429467072
1994-06-09,0.03067092651757175
1994-06-10,0.015499070055796649
1994-06-13,-0.009157509157509125
1994-06-14,0.010474430067775709
1994-06-15,0.020121951219512324
1994-06-16,0.008965929468021328
1994-06-17,0.014810426540284416
1994-06-20,0.014594279042615232
1994-06-21,0.014384349827387899
1994-06-22,-0.008508224617129856
1994-06-23,-0.010297482837528626
1994-06-24,0.005780346820809079
1994-06-27,0.0
1994-06-28,-0.024137931034482696
1994-06-29,0.01472320376914027
1994-06-30,0.012768427161926832
1994-07-01,0.011461318051575908
1994-07-04,-0.008498583569405027
1994-07-05,-0.02114285714285724
1994-07-06,-0.013426736719206134
1994-07-07,-0.007100591715976212
1994-07-08,0.013110846245530272
1994-07-11,0.028235294117647136
1994-07-12,0.044050343249427915
1994-07-13,0.0
1994-07-14,0.004383561643835465
1994-07-15,-0.009819967266775809
1994-07-18,-0.03581267217630846
1994-07-19,-0.017142857142857237
1994-07-20,0.008720930232558155
1994-07-21,0.0057636887608067955
1994-07-22,0.007449856733524385
1994-07-25,-0.013083048919226181
1994-07-26,0.004610951008645392
1994-07-27,0.022948938611589087
1994-07-28,0.00953449242849147
1994-07-29,0.026666666666666616
1994-08-01,0.029761904761904878
1994-08-02,-0.028901734104046284
1994-08-03,0.0
1994-08-04,-0.0027056277056277667
1994-08-05,-0.03526858383071074
1994-08-08,0.008436445444319318
1994-08-09,-0.013943112102621336
1994-08-10,-0.019796380090497778
1994-08-11,0.00980957876514732
1994-08-12,-0.022857142857142798
1994-08-15,-0.020467836257309968
1994-08-16,-0.004179104477611939
1994-08-17,-0.023980815347721784
1994-08-18,0.0012285012285011554
1994-08-19,-0.010429447852760787
1994-08-22,-0.054556726596404204
1994-08-23,0.003278688524590123
1994-08-24,0.03267973856209161
1994-08-25,-0.0031645569620253333
1994-08-26,0.006349206349206327
1994-08-30,-0.00441640378548902
1994-08-31,0.01584283903675554
1994-09-01,0.0
1994-09-02,-0.009357454772301987
1994-09-05,-0.017632241813602123
1994-09-06,0.022435897435897356
1994-09-07,0.005015673981191293
1994-09-08,0.0012476606363069909
1994-09-09,-0.007476635514018781
1994-09-12,-0.006277463904582503
1994-09-13,-0.02210991787744787
1994-09-14,-0.0051679586563307955
1994-09-15,-0.009740259740259716
1994-09-16,0.003278688524590123
1994-09-19,0.009803921568627416
1994-09-20,0.021359223300970953
1994-09-21,0.0012674271229404788
1994-09-22,0.006329113924050667
1994-09-23,0.02515723270440251
1994-09-26,-0.012269938650306678
1994-09-27,0.0
1994-09-28,0.006211180124223503
1994-09-29,0.024691358024691468
1994-09-30,0.007831325301204783
1994-10-03,0.0071727435744173285
1994-10-04,-0.008902077151335397
1994-10-05,-0.0119760479041916
1994-10-06,0.007878787878787818
1994-10-07,0.018039687312086716
1994-10-10,-0.013585351447135241
1994-10-11,-0.01916167664670665
1994-10-12,-0.01831501831501836
1994-10-13,-0.027985074626865503
1994-10-14,-0.0031989763275752647
1994-10-17,0.010911424903722766
1994-10-18,0.024126984126983997
1994-10-19,0.009299442033478211
1994-10-20,0.01535626535626533
1994-10-21,-0.010889292196007205
1994-10-24,0.00795107033639142
1994-10-25,0.0
1994-10-26,0.024271844660194164
1994-10-27,0.011848341232227444
1994-10-28,0.005854800936768267
1994-10-31,0.0
1994-11-01,0.012805587892898762
1994-11-02,0.010344827586206806
1994-11-03,0.009670079635950124
1994-11-04,0.014084507042253502
1994-11-07,-0.012222222222222134
1994-11-08,-0.022497187851518663
1994-11-09,0.009781357882623798
1994-11-10,-0.019943019943020057
1994-11-11,0.010465116279069653
1994-11-14,-0.007479861910241636
1994-11-15,-0.01565217391304341
1994-11-16,-0.010600706713780883
1994-11-17,-0.016071428571428514
1994-11-18,-0.00483968542044777
1994-11-21,0.04863221884498481
1994-11-22,-0.0028985507246377384
1994-11-23,-0.018604651162790753
1994-11-24,0.004146919431279539
1994-11-25,0.002949852507374784
1994-11-28,-0.002941176470588225
1994-11-29,0.002949852507374784
1994-11-30,-0.002941176470588225
1994-12-01,0.001769911504424737
1994-12-02,-0.037102473498233146
1994-12-05,-0.025688073394495525
1994-12-06,0.007532956685499137
1994-12-07,-0.013707165109034358
1994-12-08,0.01895135818066951
1994-12-09,-0.0030998140111593298
1994-12-12,-0.006218905472636704
1994-12-13,-0.015644555694618312
1994-12-14,0.006357279084551859
1994-12-15,-0.014529374605180112
1994-12-16,-0.007692307692307665
1994-12-19,0.006459948320413522
1994-12-20,0.00962772785622601
1994-12-21,-0.005085823267641398
1994-12-22,-0.0031948881789137795
1994-12-23,-0.0032051282051280827
1994-12-28,0.03408360128617338
1994-12-29,0.010572139303482775
1994-12-30,-0.0012307692307692575
1995-01-03,-0.02156500308071474
1995-01-04,0.0031486146095718315
1995-01-05,0.012554927809165006
1995-01-06,0.013639181649101273
1995-01-09,-0.016513761467890076
1995-01-10,-0.004975124378109319
1995-01-11,0.02499999999999991
1995-01-12,0.004878048780487809
1995-01-13,-0.016990291262136026
1995-01-16,0.011111111111111072
1995-01-17,0.024420024420024555
1995-01-18,0.01013110846245513
1995-01-19,0.007669616519174083
1995-01-20,0.008782201405152401
1995-01-23,-0.013348810214741769
1995-01-24,0.008823529411764675
1995-01-25,-0.0099125364431486
1995-01-26,-0.014723203769140158
1995-01-27,-0.02092050209205032
1995-01-30,0.01831501831501825
1995-01-31,0.007194244604316502
1995-02-01,0.014880952380952328
1995-02-02,-0.0029325513196480912
1995-02-03,0.0235294117647058
1995-02-06,-0.01839080459770115
1995-02-07,-0.0017564402810302804
1995-02-08,-0.0011730205278591699
1995-02-09,-0.010569583088667067
1995-02-10,0.0
1995-02-13,0.0017804154302669684
1995-02-14,0.007109004739336511
1995-02-15,0.00588235294117645
1995-02-16,0.0017543859649120641
1995-02-17,0.015761821366024442
1995-02-20,0.0017241379310346527
1995-02-21,-0.014343086632243263
1995-02-22,-0.005820721769499548
1995-02-23,0.0011709601873537423
1995-02-24,0.0
1995-02-27,0.014619883040935644
1995-02-28,-0.00691642651296831
1995-03-01,-0.022054556006964487
1995-03-02,-0.017804154302670683
1995-03-03,0.007854984894259731
1995-03-06,0.004196642685851293
1995-03-07,0.005970149253731405
1995-03-08,-0.0071216617210683175
1995-03-09,-0.004781829049611552
1995-03-10,-0.009009009009008917
1995-03-13,-0.012121212121212088
1995-03-14,0.0018404907975457796
1995-03-15,0.0030618493570115923
1995-03-16,0.0073260073260073
1995-03-17,0.003030303030303161
1995-03-20,0.016918429003021096
1995-03-21,-0.0017825311942957223
1995-03-22,0.016666666666666607
1995-03-23,0.023419203747072626
1995-03-24,0.0097254004576659
1995-03-27,0.010198300283286166
1995-03-28,0.00112170499158748
1995-03-29,0.011204481792717047
1995-03-30,-0.0038781163434903343
1995-03-31,0.0
1995-04-03,-0.00556173526140169
1995-04-04,0.00838926174496657
1995-04-05,0.0177481974486966
1995-04-06,0.008174386920980936
1995-04-07,-0.002702702702702786
1995-04-10,-0.016260162601626105
1995-04-11,0.026446280991735627
1995-04-12,0.005367686527106841
1995-04-13,-0.04004271222637479
1995-04-18,0.03170189098998888
1995-04-19,0.009703504043126587
1995-04-20,0.022423918846769864
1995-04-21,0.0015665796344648264
1995-04-24,-0.006777893639207444
1995-04-25,0.015748031496062964
1995-04-26,-0.023255813953488524
1995-04-27,0.00952380952380949
1995-04-28,-0.005241090146750449
1995-05-01,0.021074815595363505
1995-05-02,-0.028379772961816374
1995-05-03,-0.026553372278279364
1995-05-04,0.019094380796508492
1995-05-05,0.009100642398287118
1995-05-08,-0.003713527851458953
1995-05-09,-0.03514376996805113
1995-05-10,-0.001103752759381904
1995-05-11,-0.0011049723756907381
1995-05-12,0.00829646017699126
1995-05-15,0.010970927043335132
1995-05-16,0.005425935973955687
1995-05-17,-0.0016189962223421839
1995-05-18,-0.014594594594594557
1995-05-19,0.010970927043335132
1995-05-22,-0.0027129679869778434
1995-05-23,0.005440696409140466
1995-05-24,0.0037878787878788955
1995-05-25,-0.02964959568733161
1995-05-26,-0.011111111111111072
1995-05-30,-0.020786516853932624
1995-05-31,0.008605851979345935
1995-06-01,0.006825938566553003
1995-06-02,0.011299435028248483
1995-06-05,0.018435754189944253
1995-06-06,-0.015359297860669252
1995-06-07,0.010027855153203369
1995-06-08,-0.01103143960286812
1995-06-09,-0.013943112102621336
1995-06-12,-0.002828054298642524
1995-06-13,0.011344299489506549
1995-06-14,-0.011217049915872135
1995-06-15,0.018150879183210344
1995-06-16,-0.01114206128133699
1995-06-19,-0.046197183098591554
1995-06-20,0.002953337271116352
1995-06-21,-0.028268551236749095
1995-06-22,0.003030303030303161
1995-06-23,-0.009063444108761476
1995-06-26,0.009146341463414753
1995-06-27,0.004833836858005869
1995-06-28,0.019242333132892364
1995-06-29,-0.02654867256637161
1995-06-30,0.004848484848484658
1995-07-03,-0.013872135102532934
1995-07-04,-0.025688073394495525
1995-07-05,0.00439422473320783
1995-07-06,0.009374999999999911
1995-07-07,-0.003095975232197956
1995-07-10,-0.013664596273291973
1995-07-11,0.0031486146095718315
1995-07-12,0.006277463904582614
1995-07-13,-0.003119151590767366
1995-07-14,-0.01126408010012514
1995-07-17,-0.004430379746835467
1995-07-18,-0.0031786395422759295
1995-07-19,0.007653061224489832
1995-07-20,-0.0075949367088608
1995-07-21,-0.021045918367346927
1995-07-24,0.001954397394136942
1995-07-25,0.006501950585175553
1995-07-26,0.03359173126614978
1995-07-27,-0.0012499999999999734
1995-07-28,-0.0031289111389236623
1995-07-31,-0.00941619585687381
1995-08-01,0.020278833967046994
1995-08-02,0.0018633540372670065
1995-08-03,-0.008679479231246012
1995-08-04,0.0056285178236397115
1995-08-07,-0.011194029850746134
1995-08-08,0.0062893081761006275
1995-08-09,0.008124999999999938
1995-08-10,-0.0030998140111593298
1995-08-11,0.00932835820895539
1995-08-14,-0.01848428835489835
1995-08-15,-0.005021971123666091
1995-08-16,-0.00441640378548902
1995-08-17,0.004435994930291454
1995-08-18,0.011356466876971671
1995-08-21,0.013724266999376011
1995-08-22,-0.0012307692307692575
1995-08-23,0.01663585951940849
1995-08-24,-0.012121212121212088
1995-08-25,-0.00920245398773023
1995-08-29,0.004953560371517174
1995-08-30,-0.0030807147258163914
1995-08-31,0.0012360939431397266
1995-09-01,0.0030864197530864335
1995-09-04,0.022769230769230875
1995-09-05,0.0036101083032489267
1995-09-06,-0.00299760191846532
1995-09-07,-0.0018039687312084718
1995-09-08,0.01987951807228905
1995-09-11,-0.010632014176018889
1995-09-12,0.008955223880596996
1995-09-13,-0.002958579881656598
1995-09-14,0.008902077151335286
1995-09-15,0.010588235294117565
1995-09-18,0.0029103608847498297
1995-09-19,0.0
1995-09-20,-0.013348810214741769
1995-09-21,-0.0235294117647058
1995-09-22,-0.012048192771084487
1995-09-25,-0.013414634146341364
1995-09-26,-0.00185414091470959
1995-09-27,0.008049535603715352
1995-09-28,0.022727272727272485
1995-09-29,-0.004204204204204198
1995-10-02,-0.001809408926417233
1995-10-03,0.0018126888217522286
1995-10-04,-0.010856453558504175
1995-10-05,-0.03353658536585358
1995-10-06,-0.006309148264984188
1995-10-09,0.015873015873015817
1995-10-10,-0.0031250000000000444
1995-10-11,0.006269592476489061
1995-10-12,-0.009345794392523366
1995-10-13,0.005031446540880502
1995-10-16,0.010638297872340274
1995-10-17,-0.007430340557275428
1995-10-18,-0.003119151590767366
1995-10-19,-0.008135168961201589
1995-10-20,-0.003154574132492094
1995-10-23,0.005063291139240533
1995-10-24,0.012594458438287104
1995-10-25,-0.006218905472636704
1995-10-26,0.020025031289111483
1995-10-27,0.0030674846625766694
1995-10-30,0.006116207951070152
1995-10-31,0.007902735562310026
1995-11-01,-0.0030156815440287588
1995-11-02,0.01814882032667864
1995-11-03,0.002970885323826611
1995-11-06,-0.005924170616113611
1995-11-07,-0.00476758045292025
1995-11-08,0.0029940119760478723
1995-11-09,0.008955223880596996
1995-11-10,-0.004142011834319503
1995-11-13,-0.011883541295306
1995-11-14,-0.0030066145520144527
1995-11-15,0.009047044632086942
1995-11-16,0.002988643156007109
1995-11-17,0.014898688915375491
1995-11-20,-0.01350557839107458
1995-11-21,-0.011904761904761862
1995-11-22,0.018072289156626287
1995-11-23,-0.0011834319526626835
1995-11-24,0.002962085308056972
1995-11-27,0.01594802126402839
1995-11-28,0.0029069767441860517
1995-11-29,0.0028985507246377384
1995-11-30,-0.009826589595375856
1995-12-01,0.0029188558085231353
1995-12-04,0.009895227008149154
1995-12-05,0.01037463976945241
1995-12-06,0.0011409013120364797
1995-12-07,-0.0039886039886040114
1995-12-08,0.014302059496567487
1995-12-11,-0.0028200789622110367
1995-12-12,-0.011312217194570096
1995-12-13,0.012585812356979309
1995-12-14,0.011299435028248483
1995-12-15,0.013966480446927276
1995-12-18,0.009917355371900749
1995-12-19,-0.016366612111292755
1995-12-20,0.0011092623405435376
1995-12-21,0.0027700831024930483
1995-12-22,0.004419889502762286
1995-12-27,0.03025302530253038
1995-12-28,0.0026695141484249785
1995-12-29,-0.006922257720979874
1996-01-02,0.01608579088471851
1996-01-03,0.01055408970976246
1996-01-04,-0.00104438642297644
1996-01-05,0.019341348667015312
1996-01-08,0.009230769230769154
1996-01-09,-0.03201219512195119
1996-01-10,-0.0299212598425197
1996-01-11,-0.03409090909090906
1996-01-12,-0.015126050420168236
1996-01-15,-0.00455062571103515
1996-01-16,0.013142857142857123
1996-01-17,-0.016920473773265665
1996-01-18,0.025817555938037806
1996-01-19,-0.01957494407158822
1996-01-22,0.0
1996-01-23,-0.008556759840273931
1996-01-24,-0.0028768699654776464
1996-01-25,-0.019042123485285556
1996-01-26,-0.01764705882352946
1996-01-29,-0.028143712574850266
1996-01-30,0.01848428835489835
1996-01-31,0.006049606775559546
1996-02-01,0.009019843656043358
1996-02-02,0.016090584028605415
1996-02-05,-0.007038123167155463
1996-02-06,-0.005906674542232815
1996-02-07,0.005941770647653
1996-02-08,0.007088009450679333
1996-02-09,0.010557184750733084
1996-02-12,-0.0029019152640743506
1996-02-13,0.052386495925494714
1996-02-14,0.01106194690265494
1996-02-15,-0.005470459518599591
1996-02-16,0.0011001100110010764
1996-02-19,0.0
1996-02-20,0.020879120879120805
1996-02-21,0.025296017222820266
1996-02-22,0.012073490813648391
1996-02-23,-0.022302904564315384
1996-02-26,0.0
1996-02-27,0.007957559681697646
1996-02-28,-0.018421052631579005
1996-02-29,0.008042895442359255
1996-03-01,-0.013297872340425565
1996-03-04,-0.008086253369272378
1996-03-05,0.01902173913043481
1996-03-06,0.02293333333333325
1996-03-07,-0.007820646506777829
1996-03-08,-0.009458749343142392
1996-03-11,0.0042440318302385815
1996-03-12,0.01954569466455358
1996-03-13,0.014507772020725174
1996-03-14,-0.009193054136874323
1996-03-15,-0.005154639175257603
1996-03-18,0.06217616580310881
1996-03-19,-0.007317073170731603
1996-03-20,0.0014742014742012977
1996-03-21,-0.0014720314033365156
1996-03-22,0.03931203931203919
1996-03-25,0.007092198581560405
1996-03-26,0.017840375586854362
1996-03-27,-0.016143911439114422
1996-03-28,-0.050632911392405
1996-03-29,0.003950617283950519
1996-04-01,0.023118544023610577
1996-04-02,0.018269230769230704
1996-04-03,-0.011803588290840383
1996-04-04,-0.00382226469182978
1996-04-09,0.027817745803357274
1996-04-10,0.05599626691553894
1996-04-11,0.056120194432169646
1996-04-12,-0.048953974895397434
1996-04-15,-0.002199736031676225
1996-04-16,-0.06525573192239864
1996-04-17,-0.06226415094339621
1996-04-18,-0.027665995975855173
1996-04-19,0.01034661148473881
1996-04-22,-0.007680491551459445
1996-04-23,0.07739938080495357
1996-04-24,-0.007183908045976906
1996-04-25,-0.018330921369995146
1996-04-26,-0.014742014742014753
1996-04-29,0.0
1996-04-30,-0.027431421446384108
1996-05-01,-0.028205128205128216
1996-05-02,0.02638522427440626
1996-05-03,-0.0035989717223650075
1996-05-07,0.03611971104231171
1996-05-08,-0.01145418326693215
1996-05-09,-0.02518891687657432
1996-05-10,-0.006201550387596955
1996-05-13,0.013000520020800765
1996-05-14,0.007700205338808885
1996-05-15,-0.0066225165562913135
1996-05-16,-0.04461538461538461
1996-05-17,-0.031132581857219455
1996-05-20,0.03213296398891963
1996-05-21,0.0037573805689747886
1996-05-22,0.03743315508021383
1996-05-23,0.00670103092783525
1996-05-24,0.01024065540194563
1996-05-28,-0.010136847440445962
1996-05-29,-0.029697900665642707
1996-05-30,-0.04485488126649062
1996-05-31,0.0
1996-06-03,0.00828729281767937
1996-06-04,0.013698630136986356
1996-06-05,-0.016216216216216273
1996-06-06,-0.001098901098901095
1996-06-07,0.012101210121012063
1996-06-10,0.004347826086956719
1996-06-11,-0.010822510822510734
1996-06-12,-0.002735229759299851
1996-06-13,-0.013713658804168971
1996-06-14,-0.008342602892102424
1996-06-17,0.04879416713404372
1996-06-18,0.005347593582887722
1996-06-19,-0.021276595744680993
1996-06-20,0.001630434782608825
1996-06-21,0.0010851871947910041
1996-06-24,-0.003794037940379469
1996-06-25,0.0
1996-06-26,0.011969532100108982
1996-06-27,0.04193548387096757
1996-06-28,-0.005159958720330149
1996-07-01,0.02541493775933601
1996-07-02,-0.017197774405665167
1996-07-03,-0.01544004117344322
1996-07-04,0.03345530580240452
1996-07-05,0.011127971674253834
1996-07-08,-0.018509254627313565
1996-07-09,0.0005096839959224386
1996-07-10,0.008660213958227247
1996-07-11,0.01060606060606073
1996-07-12,-0.003998000999500317
1996-07-15,0.013547415955845521
1996-07-16,0.004950495049504955
1996-07-17,-0.027093596059113323
1996-07-18,0.010126582278481067
1996-07-19,-0.02506265664160401
1996-07-22,-0.01131105398457577
1996-07-23,0.014040561622464809
1996-07-24,-0.007179487179487243
1996-07-25,0.00723140495867769
1996-07-26,-0.029743589743589705
1996-07-29,0.003699788583509278
1996-07-30,-0.004739336492890933
1996-07-31,0.005291005291005346
1996-08-01,-0.008421052631578996
1996-08-02,0.04193205944798306
1996-08-05,0.0010188487009679115
1996-08-06,-0.010178117048346036
1996-08-07,0.0015424164524422412
1996-08-08,0.02823408624229984
1996-08-09,0.0009985022466301174
1996-08-12,0.029925187032418865
1996-08-13,0.0184019370460049
1996-08-14,-0.006181645268663938
1996-08-15,-0.000956937799043045
1996-08-16,0.02011494252873569
1996-08-19,0.01314553990610312
1996-08-20,-0.01065801668211297
1996-08-21,-0.025761124121779888
1996-08-22,0.02163461538461542
1996-08-23,-0.022117647058823464
1996-08-27,-0.01588065447545728
1996-08-28,0.011246943765281125
1996-08-29,0.01547388781431347
1996-08-30,-0.0009523809523809268
1996-09-02,0.05958055290753106
1996-09-03,-0.014844804318488558
1996-09-04,0.013698630136986356
1996-09-05,-0.0022522522522522292
1996-09-06,0.012641083521444774
1996-09-09,-0.00802496656263929
1996-09-10,0.01932584269662918
1996-09-11,0.02733686067019403
1996-09-12,0.0021459227467810482
1996-09-13,0.02055674518201278
1996-09-16,-0.05161561057490549
1996-09-17,-0.039823008849557584
1996-09-18,0.03133640552995387
1996-09-19,-0.013404825737265424
1996-09-20,-0.013586956521739024
1996-09-23,0.016988062442607754
1996-09-24,0.02844243792325063
1996-09-25,0.011852502194907855
1996-09-26,0.013015184381778733
1996-09-27,-0.01927194860813719
1996-09-30,0.05458515283842802
1996-10-01,-0.0401656314699792
1996-10-02,-0.002157031924072461
1996-10-03,0.02161694768698652
1996-10-04,0.010579771476936006
1996-10-07,0.01675041876046901
1996-10-08,0.011120263591433366
1996-10-09,0.0012219959266801528
1996-10-10,-0.03864930838079739
1996-10-11,0.00931019889970397
1996-10-14,0.037735849056603765
1996-10-15,-0.006868686868686913
1996-10-16,-0.0032546786004881145
1996-10-17,0.01346938775510198
1996-10-18,0.014095851792186975
1996-10-21,-0.003971405877680745
1996-10-22,0.012759170653907415
1996-10-23,-0.03149606299212593
1996-10-24,-0.013008130081300862
1996-10-25,-0.006177924217462993
1996-10-28,0.013261500207210952
1996-10-29,-0.04703476482617586
1996-10-30,-0.006437768240343478
1996-10-31,-0.015118790496760126
1996-11-01,-0.021929824561403466
1996-11-04,-0.008968609865470767
1996-11-05,-0.011312217194570096
1996-11-06,0.0
1996-11-07,-0.004576659038901698
1996-11-08,0.029885057471264354
1996-11-11,0.013392857142857206
1996-11-12,-0.014096916299559448
1996-11-13,0.022341376228775633
1996-11-14,0.013111888111888126
1996-11-15,0.004314063848144922
1996-11-18,-0.022766323024055013
1996-11-19,0.016703296703296733
1996-11-20,0.011673151750972721
1996-11-21,-0.021367521367521403
1996-11-22,0.04192139737991263
1996-11-25,-0.026823134953897765
1996-11-26,-0.01894918173987936
1996-11-27,0.012730465320456519
1996-11-28,-0.0030342436064152434
1996-11-29,0.0073913043478262
1996-12-02,0.014242555028053383
1996-12-03,0.026382978723404227
1996-12-04,0.003731343283582156
1996-12-05,0.011565468814539237
1996-12-06,0.002858309514087498
1996-12-09,-0.015472312703583069
1996-12-10,-0.018196856906534387
1996-12-11,-0.03327716933445657
1996-12-12,-0.013071895424836666
1996-12-13,0.007947019867549754
1996-12-16,0.05037231712658796
1996-12-17,0.0029190992493743906
1996-12-18,-0.01496881496881497
1996-12-19,0.02068383284086095
1996-12-20,-0.009098428453267138
1996-12-23,-0.01878130217028373
1996-12-24,0.0063802637175669474
1996-12-27,-0.004649196956889257
1996-12-30,0.01698513800424628
1996-12-31,-0.0020876826722338038
1997-01-02,0.023012552301255207
1997-01-03,-0.01063394683026575
1997-01-06,0.023563455973542702
1997-01-07,0.0
1997-01-08,0.0008077544426494665
1997-01-09,0.0020177562550443007
1997-01-10,-0.02456705598066855
1997-01-13,-0.03344343517753923
1997-01-15,-0.004271678769756537
1997-01-16,0.0
1997-01-17,-0.018876018876018752
1997-01-20,-0.0004372540445999329
1997-01-21,0.005249343832021136
1997-01-22,-0.0021758050478677404
1997-01-23,0.0
1997-01-24,-0.0056694286960313756
1997-01-27,-0.010526315789473717
1997-01-28,0.0026595744680852906
1997-01-29,0.01724137931034475
1997-01-30,0.01825293350717061
1997-01-31,-0.006402048655569703
1997-02-03,-0.01589347079037806
1997-02-04,-0.011348756001746008
1997-02-05,0.0017660044150111798
1997-02-06,-0.036579991185544336
1997-02-10,-0.05169258920402553
1997-02-11,0.025084418716835533
1997-02-12,-0.004705882352941226
1997-02-13,-0.032151300236406555
1997-02-14,0.004396678065461623
1997-02-17,-0.0038910505836574627
1997-02-18,0.00390625
1997-02-19,0.020428015564202484
1997-02-20,-0.019542421353670125
1997-02-21,-0.021390374331550888
1997-02-24,-0.012916045702930812
1997-02-25,0.01056869652742809
1997-02-26,-0.012948207171314619
1997-02-27,0.007063572149344166
1997-02-28,-0.02605210420841686
1997-03-03,-0.017489711934156382
1997-03-04,0.015706806282722363
1997-03-05,-0.0010309278350515427
1997-03-06,0.00877192982456143
1997-03-10,-0.017391304347826098
1997-03-11,-0.03331598125976054
1997-03-12,0.02207862143241779
1997-03-13,0.01685985247629085
1997-03-14,0.007253886010362809
1997-03-17,-0.02366255144032925
1997-03-18,0.02950474183350882
1997-03-19,0.023541453428863823
1997-03-20,-0.018999999999999906
1997-03-21,-0.011722731906218198
1997-03-24,-0.02372356884992266
1997-03-25,-0.008452192287374594
1997-03-26,0.0074587107085775095
1997-03-27,-0.020095187731358988
1997-03-28,0.0
1997-03-31,0.0
1997-04-01,-0.020507285483000626
1997-04-02,-0.00991735537190086
1997-04-03,-0.03839732888146896
1997-04-04,-0.0017361111111111605
1997-04-07,-0.019130434782608563
1997-04-08,0.0035460992907800915
1997-04-09,0.002355712603062443
1997-04-10,0.013513513513513598
1997-04-11,0.016811594202898572
1997-04-14,0.003990877993158559
1997-04-15,-0.004542873367404776
1997-04-16,-0.01654306902452951
1997-04-17,-0.013921113689094988
1997-04-18,0.015294117647058902
1997-04-21,0.0278099652375432
1997-04-22,-0.0011273957158962622
1997-04-23,-0.0146726862302482
1997-04-24,0.019473081328751363
1997-04-25,0.015168539325842723
1997-04-28,-0.00830105146651905
1997-04-29,0.019531249999999778
1997-04-30,-0.0010946907498631253
1997-05-01,-0.0005479452054795164
1997-05-02,-0.02960526315789469
1997-05-05,0.001129943502824915
1997-05-06,0.0056433408577878375
1997-05-07,0.0011223344556676729
1997-05-08,0.026905829596412634
1997-05-09,0.01637554585152845
1997-05-12,0.0429645542427497
1997-05-13,-0.001029866117404854
1997-05-14,-0.01546391752577303
1997-05-15,0.015706806282722363
1997-05-16,0.019072164948453763
1997-05-19,0.00758725341426425
1997-05-20,-0.008534136546184845
1997-05-21,-0.0025316455696202667
1997-05-22,0.016751269035533145
1997-05-23,0.0059910134797802606
1997-05-27,-0.04069478908188584
1997-05-28,-0.023279875840662156
1997-05-29,0.026483050847457612
1997-05-30,-0.020123839009287936
1997-06-02,0.009478672985782088
1997-06-03,-0.030255607720396593
1997-06-04,-0.012372243141473893
1997-06-05,-0.02178649237472763
1997-06-06,-0.029510022271714953
1997-06-09,-0.02008032128514059
1997-06-10,-0.004098360655737543
1997-06-11,-0.018812463256907663
1997-06-12,0.005991611743559
1997-06-13,0.002382370458606342
1997-06-16,0.019013666072489555
1997-06-17,0.023323615160349975
1997-06-18,-0.01880341880341896
1997-06-19,0.006968641114982743
1997-06-20,-0.014417531718569743
1997-06-23,0.04154476301930954
1997-06-24,-0.008426966292134908
1997-06-25,0.0
1997-06-26,-0.0028328611898015277
1997-06-27,0.022727272727272707
1997-06-30,0.012222222222222134
1997-07-02,0.03347969264544459
1997-07-03,-0.03451938396176302
1997-07-07,0.005500550055005604
1997-07-09,-0.001641137855579955
1997-07-10,-0.004931506849315093
1997-07-11,-0.008810572687224627
1997-07-14,-0.011666666666666714
1997-07-15,0.022484541877459296
1997-07-16,0.0043980208905991525
1997-07-17,0.03065134099616862
1997-07-18,-0.03292618162506622
1997-07-21,0.001098297638659984
1997-07-22,0.013165112452002026
1997-07-23,0.012994044396318571
1997-07-24,-0.0026723677177979965
1997-07-25,0.005894962486602262
1997-07-28,-0.0005327650506126158
1997-07-29,-0.0010660980810236476
1997-07-30,0.014941302027748238
1997-07-31,-0.004206098843322681
1997-08-01,0.020591341077085268
1997-08-04,0.016037247801345078
1997-08-05,-0.00661914460285129
1997-08-06,-0.015376729882111806
1997-08-07,-0.014055179593961409
1997-08-08,-0.020063357972544993
1997-08-11,-0.018857758620689502
1997-08-12,0.019220208676551165
1997-08-13,0.0037715517241379004
1997-08-14,0.01986044015029531
1997-08-15,-0.01210526315789473
1997-08-18,-0.01917954182205639
1997-08-19,0.025529603476371454
1997-08-20,-0.0026483050847457834
1997-08-21,-0.03027084439723826
1997-08-25,-0.021358159912376773
1997-08-26,-0.016228315612758948
1997-08-27,0.014220705346985163
1997-08-28,0.004486819966349032
1997-08-29,0.003908431044109539
1997-09-02,0.013348164627363657
1997-09-03,-0.00548847420417109
1997-09-04,-0.01103752759381893
1997-09-05,0.012834821428571175
1997-09-08,-0.006611570247933796
1997-09-09,0.008319467554076532
1997-09-10,-0.005500550055005604
1997-09-11,0.007190265486725744
1997-09-12,-0.008237232289950658
1997-09-15,-0.0005537098560353115
1997-09-16,0.01939058171745134
1997-09-17,-0.010326086956521596
1997-09-18,-0.0038440417353102774
1997-09-19,0.009922822491730932
1997-09-22,0.01801310043668103
1997-09-23,-0.004289544235924869
1997-09-24,-0.002692514808831481
1997-09-25,0.028617710583153322
1997-09-26,0.016272965879265078
1997-09-29,0.006198347107438051
1997-09-30,0.024640657084188833
1997-10-01,-0.0045090180360721765
1997-10-02,0.01056869652742809
1997-10-03,0.06025896414342635
1997-10-06,-0.0164396430248942
1997-10-07,-0.010983763132760282
1997-10-08,0.0038628681796233355
1997-10-09,-0.009139009139009002
1997-10-10,0.006310679611650327
1997-10-13,-0.03135552339604453
1997-10-14,-0.03386454183266929
1997-10-15,-0.006701030927835028
1997-10-16,0.015049299429164442
1997-10-17,-0.00664621676891608
1997-10-20,-0.0072053525476067914
1997-10-21,0.0005184033177814129
1997-10-22,0.02901554404145079
1997-10-23,0.0015105740181269312
1997-10-24,-0.022121669180492742
1997-10-27,0.009254498714653003
1997-10-28,-0.03922567498726437
1997-10-29,0.007423117709437932
1997-10-30,0.023684210526315752
1997-10-31,-0.0015424164524420192
1997-11-03,0.003089598352214118
1997-11-04,-0.019507186858316206
1997-11-05,-0.008900523560209539
1997-11-06,0.0021130480718436484
1997-11-07,0.014232999472851837
1997-11-10,-0.005197505197505059
1997-11-12,0.006269592476489061
1997-11-13,0.02336448598130847
1997-11-14,0.026889903602232312
1997-11-17,-0.03458498023715417
1997-11-18,-0.007676560900716445
1997-11-19,0.001031459515214106
1997-11-20,-0.030396702730551284
1997-11-21,0.0005313496280552332
1997-11-24,0.009559214020180784
1997-11-25,0.006838506049447579
1997-11-26,-0.03343782654127481
1997-11-27,0.00756756756756749
1997-11-28,0.017167381974249052
1997-12-01,-0.05010548523206748
1997-12-02,0.0016657412548581885
1997-12-03,-0.005543237250554167
1997-12-04,-0.013377926421404784
1997-12-05,0.011864406779661163
1997-12-08,-0.002233389168062483
1997-12-09,-0.016787912702853958
1997-12-10,-0.02788844621513953
1997-12-11,-0.005854800936768045
1997-12-12,0.008244994110718551
1997-12-15,-0.013434579439252414
1997-12-16,-0.005328596802841923
1997-12-17,0.010714285714285676
1997-12-18,0.021201413427561766
1997-12-19,-0.008073817762399127
1997-12-22,-0.009302325581395321
1997-12-23,0.002934272300469498
1997-12-24,-0.0029256875365711865
1997-12-29,-0.040492957746478764
1997-12-30,-0.020795107033639182
1997-12-31,-0.009369144284822162
1998-01-02,-0.00567465321563676
1998-01-05,-0.030437539632213073
1998-01-06,0.012426422498365008
1998-01-07,-0.009689922480620172
1998-01-08,0.009132420091324311
1998-01-09,-0.009049773755656187
1998-01-12,-0.016960208741030658
1998-01-13,0.0006635700066357497
1998-01-14,-0.017904509283819592
1998-01-15,-0.004051316677920358
1998-01-16,0.009491525423728886
1998-01-19,0.03290799194089988
1998-01-20,-0.027958387516255012
1998-01-21,-0.0187290969899665
1998-01-22,-0.021813224267211995
1998-01-23,-0.006271777003484358
1998-01-26,0.03716690042075732
1998-01-27,0.06423258958755929
1998-01-28,-0.006353240152477735
1998-01-29,0.04092071611253201
1998-01-30,-0.042383292383292415
1998-02-02,-0.019884541372674813
1998-02-03,-0.026832460732984287
1998-02-04,-0.020847343644922578
1998-02-05,0.018543956043955978
1998-02-06,0.014834794335805812
1998-02-09,-0.018604651162790753
1998-02-10,-0.011509817197020933
1998-02-11,-0.017123287671232834
1998-02-12,-0.02160278745644606
1998-02-13,0.0007122507122507837
1998-02-16,-0.039145907473309705
1998-02-17,0.0
1998-02-18,-0.002962962962962945
1998-02-19,0.04160475482912318
1998-02-20,-0.007845934379457908
1998-02-23,-0.04672897196261683
1998-02-24,-0.013574660633484115
1998-02-25,0.020642201834862428
1998-02-26,0.0022471910112360494
1998-02-27,0.011210762331838486
1998-03-02,-0.011825572801182571
1998-03-03,-0.01421091997008228
1998-03-04,-0.006828528072837625
1998-03-05,0.006875477463712754
1998-03-06,-0.025037936267071292
1998-03-09,-0.04747081712062251
1998-03-10,0.009803921568627416
1998-03-11,0.004045307443365731
1998-03-12,-0.008863819500402825
1998-03-13,-0.004065040650406582
1998-03-16,-0.041632653061224434
1998-03-17,-0.05877342419080067
1998-03-18,0.10497737556561093
1998-03-19,0.016380016380016293
1998-03-20,-0.00483481063658342
1998-03-23,0.17651821862348172
1998-03-24,-0.03509979353062631
1998-03-25,0.02781740370898711
1998-03-26,0.05343511450381677
1998-03-27,-0.017127799736495364
1998-03-30,-0.038203753351206404
1998-03-31,-0.03344947735191639
1998-04-01,-0.010814708002883866
1998-04-02,-0.02478134110787167
1998-04-03,0.0186846038863977
1998-04-06,-0.03668378576669107
1998-04-07,-0.023610053313023682
1998-04-08,-0.002340093603744209
1998-04-09,0.034401876465989245
1998-04-14,-0.006046863189720364
1998-04-15,0.012167300380228063
1998-04-16,0.027798647633358264
1998-04-17,0.0277777777777779
1998-04-20,-0.017069701280227556
1998-04-21,0.009406657018813158
1998-04-22,-0.017204301075268713
1998-04-23,-0.02115244347191836
1998-04-24,-0.007451564828613977
1998-04-27,0.024774774774774855
1998-04-28,0.01684981684981679
1998-04-29,0.015129682997118143
1998-04-30,-0.02129169623846705
1998-05-01,0.05873821609862229
1998-05-05,-0.03219178082191776
1998-05-06,-0.015569709837225831
1998-05-07,-0.007189072609633307
1998-05-08,0.009413468501086042
1998-05-11,0.03371592539454804
1998-05-12,0.02359472588480216
1998-05-13,-0.04067796610169494
1998-05-14,0.009893992932862083
1998-05-15,0.002799160251924393
1998-05-18,0.027215631542219176
1998-05-19,0.010190217391304213
1998-05-20,-0.01950235373234699
1998-05-21,-0.01989026063100141
1998-05-22,0.002799160251924393
1998-05-26,-0.004187020237264472
1998-05-27,0.035739313244568915
1998-05-28,-0.004736129905277275
1998-05-29,-0.04622705642420133
1998-06-01,-0.026372059871703435
1998-06-02,-0.002928257686676483
1998-06-03,-0.028634361233480066
1998-06-04,0.03628117913832196
1998-06-05,0.017505470459518557
1998-06-08,-0.027956989247311714
1998-06-09,-0.05899705014749268
1998-06-10,-0.04153605015673978
1998-06-11,-0.008994276369583054
1998-06-12,-0.041254125412541254
1998-06-15,-0.07314974182444056
1998-06-16,0.0
1998-06-17,0.04921077065923862
1998-06-18,-0.03716814159292037
1998-06-19,0.0009191176470588758
1998-06-22,0.031221303948576695
1998-06-23,0.07658058771148712
1998-06-24,0.03391232423490487
1998-06-25,-0.04480000000000006
1998-06-26,0.008375209380234505
1998-06-29,-0.0174418604651162
1998-06-30,0.0008453085376161074
1998-07-01,0.007601351351351315
1998-07-02,0.0016764459346185756
1998-07-03,-0.013389121338912124
1998-07-06,-0.007633587786259555
1998-07-07,-0.0034188034188032956
1998-07-08,0.004288164665523286
1998-07-09,-0.008539709649872052
1998-07-10,0.0
1998-07-13,-0.00430663221360883
1998-07-14,0.023356401384083014
1998-07-15,-0.0033812341504649845
1998-07-16,0.0729431721798135
1998-07-17,-0.02134387351778655
1998-07-20,-0.02180936995153482
1998-07-21,-0.008257638315441795
1998-07-22,0.016652789342214813
1998-07-23,0.0016380016380015405
1998-07-24,-0.014717906786590351
1998-07-27,0.03983402489626542
1998-07-28,0.016759776536312998
1998-07-29,-0.010989010989011061
1998-07-30,-0.003968253968253843
1998-07-31,0.0063745019920318224
1998-08-03,-0.046714172604909066
1998-08-04,-0.0008305647840531893
1998-08-05,0.024106400665004246
1998-08-06,-0.019480519480519543
1998-08-07,-0.002483443708609201
1998-08-10,-0.03568464730290466
1998-08-11,-0.03958691910499135
1998-08-12,0.007168458781362075
1998-08-13,0.021352313167259718
1998-08-14,-0.0017421602787456303
1998-08-17,0.0410122164048865
1998-08-18,-0.005029337803855838
1998-08-19,0.010109519797809607
1998-08-20,0.01834862385321112
1998-08-21,-0.015561015561015634
1998-08-24,0.010815307820299491
1998-08-25,0.023045267489711918
1998-08-26,-0.01528559935639573
1998-08-27,-0.02777777777777779
1998-08-28,0.013445378151260456
1998-09-01,0.004145936981757803
1998-09-02,-0.004954582989264988
1998-09-03,0.040663900414937615
1998-09-04,0.03349282296650724
1998-09-07,-0.03472222222222232
1998-09-08,0.0015987210231813709
1998-09-09,0.0
1998-09-10,0.02314445331205106
1998-09-11,-0.012480499219968855
1998-09-14,-0.01500789889415477
1998-09-15,0.011226944667201089
1998-09-16,0.003172085646312439
1998-09-17,0.02529644268774711
1998-09-18,0.0732459521973785
1998-09-21,0.028017241379310276
1998-09-22,0.0034940600978337066
1998-09-23,0.021587743732590647
1998-09-24,0.011588275391956282
1998-09-25,-0.019541778975741164
1998-09-28,-0.009621993127147843
1998-09-29,-0.002081887578070707
1998-09-30,0.02294853963838661
1998-10-01,-0.016995241332426914
1998-10-02,-0.017289073305670866
1998-10-05,-0.007741027445461013
1998-10-06,-0.008510638297872242
1998-10-07,-0.007153075822603716
1998-10-08,-0.046829971181556185
1998-10-09,-0.027210884353741638
1998-10-12,0.024087024087024123
1998-10-13,-0.034142640364188126
1998-10-14,-0.03692065985860182
1998-10-15,-0.022838499184339223
1998-10-16,0.01085141903171949
1998-10-19,-0.04211395540875307
1998-10-20,-0.026724137931034564
1998-10-21,0.057573073516386186
1998-10-22,-0.021775544388609736
1998-10-23,0.042808219178082085
1998-10-26,0.04597701149425282
1998-10-27,-0.0219780219780219
1998-10-28,-0.01605136436597121
1998-10-29,0.004078303425774976
1998-10-30,-0.025182778229082103
1998-11-02,0.035833333333333384
1998-11-03,-0.04022526146419947
1998-11-04,-0.004191114836546439
1998-11-05,-0.012626262626262652
1998-11-06,-0.018755328218243883
1998-11-09,-0.0312771503040834
1998-11-10,0.0026905829596413078
1998-11-11,0.02415026833631484
1998-11-12,0.009606986899563408
1998-11-13,-0.00865051903114189
1998-11-16,-0.03141361256544517
1998-11-17,-0.043243243243243246
1998-11-18,-0.034839924670433065
1998-11-19,0.019512195121951237
1998-11-20,-0.004784688995215225
1998-11-23,0.013461538461538414
1998-11-24,0.00379506641366234
1998-11-25,-0.006616257088846944
1998-11-26,-0.009514747859181716
1998-11-27,0.03458213256484144
1998-11-30,-0.07985143918291548
1998-12-01,-0.00403632694248246
1998-12-02,-0.01621073961499475
1998-12-03,0.03501544799176104
1998-12-04,-0.03184079601990053
1998-12-07,-0.0030832476875644055
1998-12-08,-0.0020618556701030855
1998-12-09,-0.022727272727272596
1998-12-10,-0.038054968287526525
1998-12-11,0.01758241758241752
1998-12-14,0.020518358531317338
1998-12-15,0.012698412698412875
1998-12-16,0.13584117032392884
1998-12-17,-0.08739650413983435
1998-12-18,-0.030241935483870996
1998-12-21,-0.017671517671517645
1998-12-22,0.040211640211640365
1998-12-23,0.008138351983723258
1998-12-24,0.0
1998-12-29,0.03229061553985879
1998-12-30,0.021505376344086002
1998-12-31,0.008612440191387627
1999-01-04,0.037950664136622514
1999-01-05,-0.05850091407678237
1999-01-06,0.03592233009708723
1999-01-07,0.03842549203373946
1999-01-08,0.05595667870036092
1999-01-11,0.031623931623931734
1999-01-12,-0.02402651201325612
1999-01-13,-0.07470288624787769
1999-01-14,0.0183486238532109
1999-01-15,-0.011711711711711592
1999-01-18,-0.014585232452142272
1999-01-19,0.035152636447733476
1999-01-20,-0.030384271671134888
1999-01-21,0.026728110599078425
1999-01-22,0.008078994614003632
1999-01-25,-0.0017809439002670624
1999-01-26,-0.03300624442462097
1999-01-27,0.017527675276752808
1999-01-28,0.00997280145058932
1999-01-29,0.017953321364452268
1999-02-01,-0.04673721340388004
1999-02-02,-0.03885291396854762
1999-02-03,0.0375360923965351
1999-02-04,-0.033395176252319025
1999-02-05,-0.02303262955854124
1999-02-08,-0.02062868369351656
1999-02-09,-0.02006018054162495
1999-02-10,0.011258955987717645
1999-02-11,-0.006072874493927127
1999-02-12,0.015274949083503131
1999-02-16,0.0010030090270811698
1999-02-17,0.011022044088176308
1999-02-18,-0.015857284440039643
1999-02-19,0.03625377643504524
1999-02-22,-0.004859086491739495
1999-02-23,0.033203125
1999-02-24,0.005671077504725952
1999-02-25,0.018796992481203034
1999-02-26,-0.023985239852398532
1999-03-01,-0.005671077504725952
1999-03-02,-0.010456273764258506
1999-03-03,0.03842459173871271
1999-03-04,0.0360777058279369
1999-03-05,-0.016071428571428514
1999-03-08,0.042649727767695156
1999-03-09,-0.02088772845953002
1999-03-10,0.01866666666666683
1999-03-11,0.03490401396160547
1999-03-12,0.03709949409780777
1999-03-15,-0.010569105691056957
1999-03-16,-0.004930156121610518
1999-03-17,0.06936416184971095
1999-03-18,0.030888030888030826
1999-03-19,-0.014981273408239626
1999-03-22,0.016730038022813698
1999-03-23,0.020194465220643387
1999-03-24,-0.019794721407624727
1999-03-25,0.00972326103216159
1999-03-26,0.034814814814814854
1999-03-29,0.026485325697924056
1999-03-30,0.01115760111576014
1999-03-31,0.035862068965517135
1999-04-01,-0.0279627163781625
1999-04-06,-0.004794520547945269
1999-04-07,-0.026841018582243525
1999-04-08,-0.02970297029702973
1999-04-09,0.028425655976676234
1999-04-12,0.00850460666194186
1999-04-13,0.03162333099086423
1999-04-14,-0.01566757493188009
1999-04-15,0.0256055363321801
1999-04-16,0.0350877192982455
1999-04-19,0.04367666232073031
1999-04-20,0.001873828856964188
1999-04-21,-0.004987531172069737
1999-04-22,0.020676691729323293
1999-04-23,-0.013505217925107393
1999-04-26,-0.0273802115743621
1999-04-27,0.01791426743442104
1999-04-28,0.029541169076052753
1999-04-29,0.009157509157509347
1999-04-30,-0.00483968542044777
1999-05-04,0.03221884498480243
1999-05-05,-0.007656065959952829
1999-05-06,-0.024332344213649826
1999-05-07,-0.04744525547445266
1999-05-10,0.003831417624521105
1999-05-11,-0.03117048346055984
1999-05-12,-0.03217334208798428
1999-05-13,0.03188602442333788
1999-05-14,-0.0019723865877713243
1999-05-17,-0.013175230566534912
1999-05-18,-0.03671562082777036
1999-05-19,-0.0006930006930007115
1999-05-20,0.001386962552011095
1999-05-21,0.003462603878116477
1999-05-24,0.02346445824706689
1999-05-25,-0.008091706001348564
1999-05-26,0.03195105370496254
1999-05-27,-0.00922266139657446
1999-05-28,-0.01928191489361697
1999-06-01,-0.0359322033898305
1999-06-02,0.00421940928270037
1999-06-03,-0.0014005602240896309
1999-06-04,0.06661991584852744
1999-06-07,0.050624589086127436
1999-06-08,0.0168961201501876
1999-06-09,-0.0036923076923076614
1999-06-10,-0.01235330450895622
1999-06-11,0.016260162601626105
1999-06-14,-0.012307692307692242
1999-06-15,0.017445482866043527
1999-06-16,-0.0024494794856092517
1999-06-17,-0.017802332719459746
1999-06-18,-0.004375000000000018
1999-06-21,-0.01820464532328936
1999-06-22,0.017263427109974305
1999-06-23,0.00817096165933373
1999-06-24,0.014962593516209655
1999-06-25,-0.0006142506142506887
1999-06-28,0.0
1999-06-29,0.006760909649661917
1999-06-30,0.036019536019536114
1999-07-01,0.016499705362404304
1999-07-02,0.01739130434782621
1999-07-06,0.05242165242165231
1999-07-07,-0.005955603681645827
1999-07-08,0.020697167755991286
1999-07-09,0.008537886872998834
1999-07-12,0.002116402116402183
1999-07-13,0.029039070749735885
1999-07-14,-0.0005130836326320276
1999-07-15,-0.029774127310061682
1999-07-16,0.02751322751322771
1999-07-19,0.016992790937178093
1999-07-20,-0.021265822784810262
1999-07-21,-0.036730470770822365
1999-07-22,0.02094522019334044
1999-07-23,0.03577064702788002
1999-07-26,0.002031488065007636
1999-07-27,-0.01368474404460207
1999-07-28,0.009763617677286618
1999-07-29,0.016284987277353613
1999-07-30,0.0
1999-08-02,-0.038057085628442566
1999-08-03,0.005726184279021274
1999-08-04,0.0031055900621117516
1999-08-05,0.013415892672858698
1999-08-06,0.0010183299389001643
1999-08-09,-0.016276703967446626
1999-08-10,0.04343329886246128
1999-08-11,0.019821605550049526
1999-08-12,-0.012633624878522709
1999-08-13,0.01427165354330695
1999-08-16,0.003396409509946574
1999-08-17,-0.0033849129593810368
1999-08-18,0.0038816108685104656
1999-08-19,0.011116481391976851
1999-08-20,0.009082217973231277
1999-08-23,-0.00710563713879675
1999-08-24,-0.022900763358778664
1999-08-25,-0.03759765625
1999-08-26,0.004566210045662045
1999-08-27,0.02626262626262621
1999-08-31,0.03740157480314954
1999-09-01,0.0009487666034158071
1999-09-02,-0.020853080568720483
1999-09-03,0.0038722168441431837
1999-09-06,0.019286403085824633
1999-09-07,0.02696310312204364
1999-09-08,0.011515430677107252
1999-09-09,0.025045537340619317
1999-09-10,-0.006663705019991251
1999-09-13,0.027728085867620766
1999-09-14,0.00870322019147074
1999-09-15,0.0030198446937015344
1999-09-16,-0.008172043010752694
1999-09-17,-0.005637467476149127
1999-09-20,-0.0034888791975576927
1999-09-21,-0.007439824945295492
1999-09-22,-0.00837742504409178
1999-09-23,0.0409070698088041
1999-09-24,0.010679196924391343
1999-09-27,-0.002535925612848655
1999-09-28,-0.015254237288135686
1999-09-29,0.009466437177280573
1999-09-30,-0.020460358056266004
1999-10-01,0.0
1999-10-04,0.013925152306353272
1999-10-05,-0.02832618025751077
1999-10-06,0.018992932862190726
1999-10-07,-0.03207628955353281
1999-10-08,-0.0694133452754141
1999-10-11,0.002887391722810273
1999-10-12,0.05038387715930903
1999-10-13,0.016902695294655157
1999-10-14,0.0008984725965857088
1999-10-15,-0.02827648114901271
1999-10-18,0.028175519630485146
1999-10-19,-0.030098831985624463
1999-10-20,-0.02640111162575265
1999-10-21,0.03139866793529977
1999-10-22,0.032287822878228845
1999-10-25,0.003127792672028562
1999-10-26,-0.013808463251670289
1999-10-27,0.0018066847335138636
1999-10-28,-0.04328223624887295
1999-10-29,-0.005183788878416529
1999-11-01,0.00994789199431545
1999-11-02,0.030956848030018858
1999-11-03,0.018198362147406666
1999-11-04,0.011617515638963516
1999-11-05,0.007067137809187329
1999-11-08,0.035964912280701755
1999-11-09,0.03471634208298058
1999-11-10,0.0400981996726677
1999-11-11,-0.018095987411487102
1999-11-12,0.017227564102564097
1999-11-15,0.02126821583300509
1999-11-16,-0.040493636714230674
1999-11-17,0.004019292604501734
1999-11-18,0.0016012810248198228
1999-11-19,0.004796163069544335
1999-11-22,0.02863961813842475
1999-11-23,-0.007733952049497228
1999-11-24,0.004286827747466804
1999-11-25,0.00659681800543277
1999-11-26,-0.003469545104086369
1999-11-29,-0.006963249516441006
1999-11-30,-0.018309310479158625
1999-12-01,-0.03968253968253965
1999-12-02,0.05454545454545445
1999-12-03,0.025470219435736796
1999-12-06,0.011081390905617106
1999-12-07,-0.013605442176870763
1999-12-08,-0.024904214559387072
1999-12-09,0.015717092337917515
1999-12-10,-0.03829787234042559
1999-12-13,-0.02212389380530977
1999-12-14,0.023447141094199875
1999-12-15,0.032154340836012985
1999-12-16,0.015965732087227513
1999-12-17,0.004982752012265168
1999-12-20,-0.009153318077803174
1999-12-21,-0.018090839107005374
1999-12-22,-0.018424147393179213
1999-12-23,0.0027955271565496265
1999-12-29,0.020708880923934636
1999-12-30,-0.02731174404994141
2000-01-04,-0.03931006819093463
2000-01-05,-0.009603340292275608
2000-01-06,-0.007166947723440065
2000-01-07,-0.00849256900212314
2000-01-10,-0.0248394004282656
2000-01-11,0.05094422485726824
2000-01-12,0.028834099456748863
2000-01-13,0.011372867587327251
2000-01-14,0.024096385542168752
2000-01-17,0.019215686274509647
2000-01-18,0.012312427856868036
2000-01-19,-0.0053211706575445605
2000-01-20,0.0034390523500191783
2000-01-21,0.03503427265803505
2000-01-24,-0.005886681383370118
2000-01-25,0.008142116950407008
2000-01-26,-0.0022026431718060735
2000-01-27,-0.009933774834437026
2000-01-28,-0.011891490152359685
2000-01-31,0.018427980443775693
2000-02-01,0.009970457902511276
2000-02-02,-0.007312614259597949
2000-02-03,0.016574585635359185
2000-02-04,-0.004347826086956608
2000-02-07,0.01673944687045137
2000-02-08,-0.011811023622047334
2000-02-09,-0.0061571894241215785
2000-02-10,-0.004373177842565634
2000-02-11,0.018301610541727742
2000-02-14,0.00754852624011515
2000-02-15,0.003210845522654271
2000-02-16,-0.00035561877667145136
2000-02-17,-0.02027748132337248
2000-02-18,-0.010167029774872827
2000-02-21,-0.01210564930300817
2000-02-22,0.010768659487560228
2000-02-23,0.02571638501102136
2000-02-24,0.010386819484240695
2000-02-25,0.011343495214462873
2000-02-28,0.005958640028040696
2000-02-29,0.010801393728222974
2000-03-01,0.026542571527059522
2000-03-02,0.011417058428475402
2000-03-03,-0.00962815405046491
2000-03-06,0.008380824673147824
2000-03-07,0.0615026595744681
2000-03-08,-0.016285624804259324
2000-03-09,-0.07322508755173518
2000-03-10,-0.004809343868086624
2000-03-13,0.009665170866413497
2000-03-14,-0.014358974358974375
2000-03-15,-0.0277488727020464
2000-03-16,-0.002140563681769625
2000-03-17,-0.003575259206292425
2000-03-20,-0.08180839612486546
2000-03-21,-0.02579132473622514
2000-03-22,0.03369434416365813
2000-03-23,-0.0174621653084982
2000-03-24,0.016587677725118377
2000-03-27,-0.022533022533022473
2000-03-28,-0.014308426073131986
2000-03-29,-0.041532258064516214
2000-03-30,0.007151872107698853
2000-03-31,0.0016708437761068229
2000-04-03,0.02668890742285246
2000-04-04,-0.05523964256701863
2000-04-05,-0.012037833190025826
2000-04-06,-0.003481288076588429
2000-04-07,-0.011790393013100364
2000-04-10,-0.06849315068493156
2000-04-11,-0.0014231499051232666
2000-04-12,0.016627078384797933
2000-04-13,0.05841121495327095
2000-04-14,-0.02295805739514345
2000-04-17,0.0031631269769543113
2000-04-18,0.021171171171171288
2000-04-19,0.03661226290251429
2000-04-20,0.0029787234042553123
2000-04-25,-0.008909630886720477
2000-04-26,-0.019691780821917804
2000-04-27,0.00742358078602634
2000-04-28,0.031209362808842567
2000-05-02,0.03951240016813795
2000-05-03,0.016174686615446854
2000-05-04,-0.0027855153203342198
2000-05-05,-0.0051875498802872455
2000-05-08,0.04412354592860024
2000-05-09,0.025355359200921912
2000-05-10,-0.0037467216185838037
2000-05-11,0.023693117713426082
2000-05-12,0.02792064658339455
2000-05-15,0.010007147962830532
2000-05-16,0.01840056617126673
2000-05-17,-0.013203613620569876
2000-05-18,0.01760563380281699
2000-05-19,0.0038062283737025915
2000-05-22,-0.019303688383316198
2000-05-23,-0.011599297012302223
2000-05-24,0.030227596017069702
2000-05-25,0.022437003797031396
2000-05-26,0.015867656988521217
2000-05-30,-0.00664672648720499
2000-05-31,-0.008364001338240223
2000-06-01,0.001686909581646523
2000-06-02,-0.011451667228022933
2000-06-05,-0.03679727427597956
2000-06-06,0.005305978068623984
2000-06-07,-0.0035186488388458947
2000-06-08,0.03601694915254239
2000-06-09,-0.011588275391956393
2000-06-12,0.037931034482758585
2000-06-13,0.009966777408637828
2000-06-14,-0.009210526315789447
2000-06-15,-0.011620185922974868
2000-06-16,-0.03661404098085319
2000-06-19,-0.03451882845188281
2000-06-20,0.04225352112676051
2000-06-21,0.0641025641025641
2000-06-22,-0.003256268316509381
2000-06-23,0.013394315583142857
2000-06-26,-0.003868471953578423
2000-06-27,-0.013915857605177995
2000-06-28,0.022317033147358112
2000-06-29,-0.0032102728731941976
2000-06-30,0.01706924315619962
2000-07-03,0.018049398353388257
2000-07-04,-0.04416796267496104
2000-07-05,-0.01236576635209885
2000-07-06,0.010543657331136824
2000-07-07,-0.0016302575806977915
2000-07-10,-0.0013063357282822041
2000-07-11,-0.024525833878351833
2000-07-12,0.01475025142474018
2000-07-13,0.02907168814007255
2000-07-14,-0.010593900481540852
2000-07-17,-0.07722258273848148
2000-07-18,0.0007032348804500987
2000-07-19,-0.004567814476458265
2000-07-20,-0.016943169784680467
2000-07-21,-0.042010771992818774
2000-07-24,0.0059970014992503096
2000-07-25,-0.03949329359165421
2000-07-26,0.005430566330488773
2000-07-27,-0.012345679012345734
2000-07-28,0.014062499999999867
2000-07-31,-0.025423728813559365
2000-08-01,-0.002371541501976382
2000-08-02,0.06180665610142633
2000-08-03,0.008955223880596996
2000-08-04,0.035872781065088954
2000-08-07,-0.016065690824705547
2000-08-08,0.0007256894049347817
2000-08-09,0.019941986947063173
2000-08-10,0.030216850337717815
2000-08-11,0.015873015873015817
2000-08-14,-0.006793478260869623
2000-08-15,0.0259917920656636
2000-08-16,-0.011333333333333306
2000-08-17,0.03540121375590033
2000-08-18,0.0016281341582546904
2000-08-21,0.01885565669700906
2000-08-22,-0.03701340140395659
2000-08-23,0.07289595758780654
2000-08-24,-0.02192711550339721
2000-08-25,0.050205241553520574
2000-08-28,0.0009019843656044024
2000-08-29,0.02222889756683699
2000-08-30,0.002938583602703604
2000-08-31,0.027834749487254395
2000-09-01,0.0002850627137971351
2000-09-04,0.026503277286976434
2000-09-05,-0.008328706274292164
2000-09-06,0.027435610302351643
2000-09-07,0.019891008174386826
2000-09-08,-0.030991183542612766
2000-09-11,0.016542597187758412
2000-09-12,-0.09682668836452402
2000-09-13,-0.06666666666666665
2000-09-14,0.008687258687258836
2000-09-15,0.07432216905901101
2000-09-18,0.025831353919239852
2000-09-19,-0.030969609261939257
2000-09-20,0.005675029868578374
2000-09-21,-0.04425304425304433
2000-09-22,-0.01833436917339959
2000-09-25,-0.05001582779360547
2000-09-26,-0.0023325558147284653
2000-09-27,-0.005344021376085473
2000-09-28,-0.029214237743452
2000-09-29,-0.016949152542372836
2000-10-02,0.04327938071780424
2000-10-03,0.03338954468802702
2000-10-04,-0.01860313315926898
2000-10-05,-0.029265048220818102
2000-10-06,0.014731072285029123
2000-10-09,0.012491559756920845
2000-10-10,0.032010670223407756
2000-10-11,0.009693053311793154
2000-10-12,0.07040000000000002
2000-10-13,0.001494768310911665
2000-10-16,-0.043880597014925304
2000-10-17,-0.051514205432407145
2000-10-18,0.01974983541803832
2000-10-19,0.010006455777921142
2000-10-20,-0.036113774368807916
2000-10-23,0.027188328912466808
2000-10-24,0.026791478373143995
2000-10-25,-0.020119459289531516
2000-10-26,0.009945460378569138
2000-10-27,-0.005400254129606208
2000-10-30,-0.007026509102523115
2000-10-31,-0.03023480218719854
2000-11-01,0.04875621890547266
2000-11-02,-0.02561669829222013
2000-11-03,0.0
2000-11-06,0.006166828951639225
2000-11-07,0.01903225806451614
2000-11-08,-0.009180120291231386
2000-11-09,0.01565495207667733
2000-11-10,0.01478452343504233
2000-11-13,0.007439553626782391
2000-11-14,0.01692307692307682
2000-11-15,0.023298033282904695
2000-11-16,0.010053222945002771
2000-11-17,-0.03132318501170939
2000-11-20,0.034451495920217345
2000-11-21,-0.02629272567922869
2000-11-22,-0.0066006600660065695
2000-11-23,0.0054364240410751385
2000-11-24,0.00180234304595972
2000-11-27,0.003598200899550097
2000-11-28,-0.026292201971915063
2000-11-29,-0.004295796256520434
2000-11-30,0.0024653312788904813
2000-12-01,-0.02889640332001231
2000-12-04,-0.03861981639759415
2000-12-05,-0.04906157392163324
2000-12-06,-0.048822714681440504
2000-12-07,0.013833272661084806
2000-12-08,-0.03590664272890487
2000-12-11,0.016014897579143428
2000-12-12,-0.017228739002932647
2000-12-13,0.0011189854531892252
2000-12-14,-0.09388971684053649
2000-12-15,0.00493421052631593
2000-12-18,0.027414075286415596
2000-12-19,-0.029868578255675016
2000-12-20,-0.043924466338259416
2000-12-21,-0.038213825676255975
2000-12-22,-0.007589285714285632
2000-12-27,0.01574448942869977
2000-12-28,-0.012843224092116912
2000-12-29,0.013010318528487996
2001-01-02,0.03764393268379096
2001-01-03,0.0004268032437046987
2001-01-04,0.04820819112627972
2001-01-05,0.008140008140008037
2001-01-08,-0.0008074283407347727
2001-01-09,-0.0250505050505051
2001-01-10,0.03522585992540406
2001-01-11,0.024819855884707698
2001-01-12,0.0011718749999998224
2001-01-15,0.015606710885680997
2001-01-16,-0.01959277756434885
2001-01-17,-0.0489811912225705
2001-01-18,0.019365471775854903
2001-01-19,0.0626515763945028
2001-01-22,0.05325218714340063
2001-01-23,-0.02419646081617921
2001-01-24,0.0007401924500369805
2001-01-25,-0.0036982248520709415
2001-01-26,0.0037119524870081744
2001-01-29,-0.003328402366863936
2001-01-30,-0.023376623376623384
2001-01-31,0.010258358662613931
2001-02-01,0.021812711545693864
2001-02-02,0.0636731689363268
2001-02-05,0.01211072664359869
2001-02-06,-0.00512820512820511
2001-02-07,0.015120274914089293
2001-02-08,0.03859174001354093
2001-02-09,-0.037483702737939995
2001-02-12,-0.007111412123264493
2001-02-13,-0.04502046384720326
2001-02-14,-0.003928571428571392
2001-02-15,-0.055934026532807546
2001-02-16,0.010634257500949484
2001-02-19,0.01653513716647881
2001-02-20,-0.022181146025878062
2001-02-21,-0.013232514177693666
2001-02-22,-0.013409961685823757
2001-02-23,0.014368932038834936
2001-02-26,-0.01071975497702915
2001-02-27,-0.021671826625386914
2001-02-28,-0.004746835443038
2001-03-01,-0.015898251192368762
2001-03-02,0.02100161550888524
2001-03-05,0.027689873417721556
2001-03-06,-0.01501154734411092
2001-03-07,0.012504884720593967
2001-03-08,0.01775376302585885
2001-03-09,-0.022373909745923348
2001-03-12,-0.01706749418153608
2001-03-13,-0.02131018153117592
2001-03-14,-0.01975806451612916
2001-03-15,-0.038667215137803246
2001-03-16,0.020111253744116375
2001-03-19,-0.02726510067114085
2001-03-20,0.018973695558430315
2001-03-21,-0.01777401608125262
2001-03-22,0.010340370529943854
2001-03-23,0.020895522388059806
2001-03-26,0.0029239766081872176
2001-03-27,0.016659725114535506
2001-03-28,0.0036870135190496534
2001-03-29,-0.029795918367346963
2001-03-30,-0.0113588557004628
2001-04-02,-0.008085106382978768
2001-04-03,0.0068640068640069
2001-04-04,0.03749467405198126
2001-04-05,0.021355236139630307
2001-04-06,-0.03417772416566145
2001-04-09,0.014571190674438128
2001-04-10,0.052113254000820675
2001-04-11,0.01716068642745694
2001-04-12,0.039877300613497146
2001-04-13,-0.01179941002949858
2001-04-16,0.0
2001-04-17,0.0070895522388059184
2001-04-18,-0.032604668395702086
2001-04-19,-0.009574875526618176
2001-04-20,-0.011214230471771058
2001-04-23,-0.005866249511145782
2001-04-24,0.013375295043273061
2001-04-25,-0.010481366459627495
2001-04-26,0.04786190663005119
2001-04-27,0.0052414825907900475
2001-04-30,0.013407821229050265
2001-05-01,0.003675119441381769
2001-05-02,-0.017942145734163306
2001-05-03,0.02386278896346017
2001-05-04,0.004734158776402042
2001-05-07,0.004349401957230992
2001-05-08,-0.009382894261999342
2001-05-09,0.0003642987249545815
2001-05-10,0.029497450837581818
2001-05-11,-0.010611956137247969
2001-05-14,-0.00715051841258485
2001-05-15,0.00396110911055092
2001-05-16,0.011119081779053186
2001-05-17,0.013479957431713263
2001-05-18,0.025551277563878205
2001-05-21,0.017064846416382284
2001-05-22,-0.0026845637583893245
2001-05-23,-0.0070659488559891015
2001-05-24,-0.022365299898339575
2001-05-25,-0.00554592720970537
2001-05-29,0.01463924712443343
2001-05-30,-0.006526966678117363
2001-05-31,-0.01279391424619647
2001-06-01,0.010858143607705761
2001-06-04,0.0031185031185030354
2001-06-05,0.010362694300518172
2001-06-06,-0.01777777777777778
2001-06-07,-0.0062652279846849845
2001-06-08,0.011558669001751287
2001-06-11,0.023891966759002736
2001-06-12,-0.018261751775448087
2001-06-13,0.003444712366517333
2001-06-14,-0.02162718846549949
2001-06-15,-0.012982456140350873
2001-06-18,-0.0184856025595449
2001-06-19,-0.03368344802607748
2001-06-20,-0.016491754122938573
2001-06-21,0.017530487804878092
2001-06-22,0.005992509363295984
2001-06-25,0.01861504095309008
2001-06-26,0.010964912280701844
2001-06-27,-0.05097613882863339
2001-06-28,-0.021714285714285686
2001-06-29,0.02063862928348925
2001-07-02,-0.018313620755436855
2001-07-03,-0.006607073455110801
2001-07-04,0.01604068857589991
2001-07-05,-0.010781671159029504
2001-07-06,0.03347606072401721
2001-07-09,-0.0361581920903955
2001-07-10,-0.035169988276670505
2001-07-11,-0.010125556905629773
2001-07-12,-0.03355155482815053
2001-07-13,0.016934801016087908
2001-07-16,-0.01831806827643634
2001-07-17,0.013570822731128196
2001-07-18,-0.0334728033472802
2001-07-19,0.010822510822510845
2001-07-20,0.003426124197002167
2001-07-23,0.043107127614169904
2001-07-24,-0.002864157119476296
2001-07-25,0.021748050882232084
2001-07-26,0.0016064257028114426
2001-07-27,-0.004811547714514863
2001-07-30,-0.014504431909750148
2001-07-31,-0.0044971381847914715
2001-08-01,-0.004928131416837789
2001-08-02,0.05200165084605857
2001-08-03,0.004315417810906386
2001-08-06,-0.008203124999999978
2001-08-07,0.021662071681764594
2001-08-08,-0.012721665381649983
2001-08-09,-0.012885591565794496
2001-08-10,0.019778481012658222
2001-08-13,0.0038789759503490284
2001-08-14,-0.006568778979907153
2001-08-15,-0.00388953714507978
2001-08-16,-0.01679031628270211
2001-08-17,-0.019857029388403502
2001-08-20,-0.01337115072933548
2001-08-21,0.04147843942505136
2001-08-22,0.013801261829653022
2001-08-23,-0.00194476857253989
2001-08-24,0.02611067809820722
2001-08-27,-0.004177744018230123
2001-08-28,0.009153318077803174
2001-08-29,0.007936507936507908
2001-08-30,0.0011248593925758943
2001-08-31,0.0037453183520599342
2001-09-03,-0.010447761194029903
2001-09-04,-0.009426847662141746
2001-09-05,0.0
2001-09-06,0.01294251998477347
2001-09-07,0.03494926719278468
2001-09-10,0.0018155410312272746
2001-09-11,0.0554548749546937
2001-09-12,-0.030219780219780334
2001-09-13,-0.0014164305949008194
2001-09-14,0.03617021276595733
2001-09-17,-0.030800821355236097
2001-09-18,-0.02754237288135597
2001-09-19,-0.07625272331154676
2001-09-20,0.0051100628930818015
2001-09-21,-0.015643332029722234
2001-09-24,-0.1803734604688122
2001-09-25,-0.02423654871546288
2001-09-26,0.026825633383010583
2001-09-27,0.038703434929849845
2001-09-28,0.01863064741499776
2001-10-01,-0.02972107910379529
2001-10-02,0.0032987747408106394
2001-10-03,-0.03100046970408643
2001-10-04,0.015026660203587117
2001-10-05,0.024832855778414542
2001-10-08,-0.02562907735321529
2001-10-09,-0.012434241989478845
2001-10-10,0.017917675544794287
2001-10-11,0.01712654614652709
2001-10-12,-0.03788587464920479
2001-10-15,-0.010209042294603843
2001-10-16,0.005402750491159125
2001-10-17,-0.048851978505129456
2001-10-18,-0.013353877760657329
2001-10-19,0.03643935450286295
2001-10-22,0.02360622802611756
2001-10-23,0.008832188420019538
2001-10-24,-0.009241245136186627
2001-10-25,0.014727540500736325
2001-10-26,-0.017416545718432652
2001-10-29,0.011816838995568846
2001-10-30,-0.0068126520681265346
2001-10-31,-0.03821656050955424
2001-11-01,-0.012226184411614827
2001-11-02,-0.03919546157813314
2001-11-05,0.008051529790660261
2001-11-06,-0.007454739084132078
2001-11-07,0.011802575107296098
2001-11-08,0.036055143160127257
2001-11-09,0.060388945752303025
2001-11-12,-0.059845559845559726
2001-11-13,0.05082135523613962
2001-11-14,-0.08255984367366864
2001-11-15,-0.12087326943556975
2001-11-16,0.021199273167777033
2001-11-19,-0.018386714116251368
2001-11-20,0.13716012084592144
2001-11-21,-0.020191285866099862
2001-11-22,0.06561822125813443
2001-11-23,-0.012722646310432517
2001-11-26,-0.03814432989690719
2001-11-27,0.023043944265809246
2001-11-28,-0.014667365112624453
2001-11-29,-0.014354066985645897
2001-11-30,0.020496224379719763
2001-12-03,0.05708245243128962
2001-12-04,-0.03599999999999992
2001-12-05,-0.0005186721991702337
2001-12-06,-0.036325895173845324
2001-12-07,-0.040926225094238156
2001-12-10,0.012352610892756966
2001-12-11,-0.0232945091514144
2001-12-12,0.029528676888131766
2001-12-13,-0.018201875344732388
2001-12-14,0.041573033707865026
2001-12-17,0.0021574973031284195
2001-12-18,-0.003767491926802813
2001-12-19,0.0280929227444624
2001-12-20,-0.008407777193904398
2001-12-21,-0.007419183889772141
2001-12-24,-0.004271222637480032
2001-12-27,0.011796246648793751
2001-12-28,0.0476947535771064
2001-12-31,-0.021244309559939167
2002-01-02,0.04031007751937965
2002-01-03,0.016890213611524985
2002-01-04,0.035661944308744475
2002-01-07,-0.005660377358490565
2002-01-08,-0.0023719165085387406
2002-01-09,-0.03899191631003329
2002-01-10,-0.02474022761009398
2002-01-11,0.01877219685438858
2002-01-14,-0.05926294820717115
2002-01-15,-0.0015881418740074649
2002-01-16,-0.019088016967126142
2002-01-17,-0.016216216216216273
2002-01-18,-0.0016483516483515315
2002-01-21,0.008255365987892116
2002-01-22,0.020742358078602585
2002-01-23,0.010160427807486716
2002-01-24,0.001058761249338236
2002-01-25,0.00687466948704385
2002-01-28,0.03676470588235281
2002-01-29,-0.024316109422492294
2002-01-30,-0.02855659397715471
2002-01-31,0.019241047568145264
2002-02-01,0.03303618248557938
2002-02-04,0.02842639593908647
2002-02-05,-0.017769002961500635
2002-02-06,0.0035175879396984744
2002-02-07,-0.027541311967951843
2002-02-08,0.03038105046343964
2002-02-11,0.0034982508745624585
2002-02-12,0.08316733067729087
2002-02-13,-0.015632183908045993
2002-02-14,-0.02055114432508176
2002-02-15,-0.010014306151645114
2002-02-18,-0.030828516377649384
2002-02-19,0.0029821073558646827
2002-02-20,-0.036669970267591556
2002-02-21,0.039609053497942304
2002-02-22,-0.003463631865413208
2002-02-25,-0.01787487586891756
2002-02-26,0.008594539939332568
2002-02-27,0.03909774436090241
2002-02-28,0.0
2002-03-01,0.053063193439459644
2002-03-04,-0.010994044892349897
2002-03-05,0.030569708198239898
2002-03-06,-0.006292134831460738
2002-03-07,0.044776119402985204
2002-03-08,-0.03376623376623378
2002-03-11,0.03673835125448033
2002-03-12,-0.019014693171996555
2002-03-13,0.0396475770925111
2002-03-14,0.006779661016949268
2002-03-15,0.005892255892255838
2002-03-18,-0.004184100418409997
2002-03-19,0.02983193277310936
2002-03-20,0.011015911872704898
2002-03-21,-0.021388216303470542
2002-03-22,0.023917525773195836
2002-03-25,-0.00322190898107122
2002-03-26,-0.006060606060605989
2002-03-27,0.021544715447154417
2002-03-28,0.008356545961002881
2002-03-29,0.0
2002-04-01,0.0284135753749013
2002-04-02,0.03491941673062171
2002-04-03,-0.009269558769002595
2002-04-04,0.009356287425149601
2002-04-05,-0.05858361142009638
2002-04-08,0.03820401732965739
2002-04-09,-0.03338391502276172
2002-04-10,-0.013736263736263798
2002-04-11,-0.03621169916434541
2002-04-12,-0.04004954582989262
2002-04-15,0.006021505376344161
2002-04-16,0.027362120564343728
2002-04-17,0.051186017478152435
2002-04-18,0.025336500395882755
2002-04-19,-0.001544401544401497
2002-04-22,0.003866976024748725
2002-04-23,0.011556240369799742
2002-04-24,-0.0022848438690024064
2002-04-25,0.010305343511450404
2002-04-26,-0.005666792595390935
2002-04-29,0.02013677811550152
2002-04-30,0.004841713221601429
2002-05-01,-0.011489992587101483
2002-05-02,-0.0352455943007125
2002-05-03,0.0027205596579868985
2002-05-07,-0.010465116279069764
2002-05-08,0.021934978456717547
2002-05-09,0.0
2002-05-10,0.030663089306247615
2002-05-13,-0.021941242097433977
2002-05-14,0.03117870722433458
2002-05-15,0.0018436578171092677
2002-05-16,-0.053735737946264295
2002-05-17,-0.010112796577207428
2002-05-20,0.020432220039292792
2002-05-21,-0.037735849056603765
2002-05-22,-0.02681072428971576
2002-05-23,-0.012746710526315708
2002-05-24,-0.010412328196584775
2002-05-27,-0.010101010101010166
2002-05-28,0.05059523809523814
2002-05-29,-0.021448806151355804
2002-05-30,-0.01902398676592232
2002-05-31,0.00632377740303558
2002-06-05,-0.028487641390867235
2002-06-06,-0.01724881414402768
2002-06-07,0.00877577885037284
2002-06-10,-0.006959547629404095
2002-06-11,-0.020148926850634963
2002-06-12,0.032185963343764
2002-06-13,0.027284538761368493
2002-06-14,0.010539629005059004
2002-06-17,0.030037546933667114
2002-06-18,-0.0020251113811260435
2002-06-19,0.008522727272727293
2002-06-20,-0.01730382293762578
2002-06-21,-0.01146601146601156
2002-06-24,0.035211267605633756
2002-06-25,0.013205282112845218
2002-06-26,-0.02251184834123221
2002-06-27,0.025858585858585803
2002-06-28,-0.0023631350925562566
2002-07-01,0.012633241215949553
2002-07-02,-0.00038986354775816245
2002-07-03,-0.0019500780031201925
2002-07-04,-0.003126221180148381
2002-07-05,0.009408075264601967
2002-07-08,-0.026019417475728224
2002-07-09,-0.0071770334928229484
2002-07-10,0.03694779116465874
2002-07-11,0.0003872966692486379
2002-07-12,0.01084010840108407
2002-07-15,0.0019149751053235686
2002-07-16,-0.00840978593272168
2002-07-17,0.009637625289128815
2002-07-18,0.020236731576937617
2002-07-19,-0.013098802395209552
2002-07-22,-0.025407660219947004
2002-07-23,-0.0019455252918287869
2002-07-24,-0.008576998050682239
2002-07-25,-0.002752654345261507
2002-07-26,-0.010252365930599305
2002-07-29,0.003984063745019917
2002-07-30,0.029761904761904656
2002-07-31,0.012716763005780507
2002-08-01,-0.0186453576864537
2002-08-02,-0.024040325707638477
2002-08-05,0.0011918951132299238
2002-08-06,0.019444444444444597
2002-08-07,0.0003892565200467324
2002-08-08,-0.007392996108949279
2002-08-09,-0.0007840062720503305
2002-08-12,0.0054923499411534404
2002-08-13,0.018728053062817107
2002-08-14,0.013787820758330183
2002-08-15,0.007177937287495384
2002-08-16,0.025131282820705092
2002-08-19,0.004024881083058984
2002-08-20,0.006924198250728875
2002-08-21,-0.0036192544335865717
2002-08-22,0.010170722847802294
2002-08-23,-0.010787486515641764
2002-08-26,0.0018175209014903437
2002-08-27,0.011973875181422455
2002-08-28,-0.01254930082466843
2002-08-29,-0.015613652868554873
2002-08-30,0.01659904094430087
2002-09-02,-0.003991291727140744
2002-09-03,-0.031693989071038264
2002-09-04,0.027464258841233935
2002-09-05,0.008421823507872572
2002-09-06,0.02977487291212788
2002-09-09,0.01093088857545843
2002-09-10,0.008719916288803642
2002-09-11,-0.008298755186722073
2002-09-12,-0.03207810320781024
2002-09-13,0.0277377521613833
2002-09-16,-0.005257623554153601
2002-09-17,-0.021846370683579863
2002-09-18,0.023414985590778148
2002-09-19,0.0014079549454417695
2002-09-20,0.005623901581722324
2002-09-23,0.026214610276127148
2002-09-24,0.0037465940054495217
2002-09-25,-0.012215812690872019
2002-09-26,-0.006183442116111326
2002-09-27,0.0024196335983408535
2002-09-30,0.0037931034482758808
2002-10-01,0.010649261422191802
2002-10-02,-0.009517335146159156
2002-10-03,-0.02333562113932741
2002-10-04,-0.004919184820801115
2002-10-07,0.0021186440677964935
2002-10-08,-0.0035236081747709314
2002-10-09,0.00035360678925022704
2002-10-10,-0.020855425945563777
2002-10-11,0.017328519855595692
2002-10-14,0.013484740951029028
2002-10-15,0.003501400560224077
2002-10-16,-0.0017445917655268817
2002-10-17,-0.01363159734358621
2002-10-18,-0.0007087172218285254
2002-10-21,-0.042198581560283555
2002-10-22,-0.011847463902258437
2002-10-23,-0.00037467216185838037
2002-10-24,0.0037481259370315545
2002-10-25,-0.030619865571321903
2002-10-28,-0.02003081664098616
2002-10-29,0.010613207547169878
2002-10-30,-0.016336056009334965
2002-10-31,0.008699090549624477
2002-11-01,0.010584084672677463
2002-11-04,-0.022110162916989973
2002-11-05,-0.021816739389131312
2002-11-06,-0.03771289537712896
2002-11-07,0.026548672566371723
2002-11-08,-0.0336617405582923
2002-11-11,0.0135938827527613
2002-11-12,0.006286672254819825
2002-11-13,-0.04373177842565601
2002-11-14,-0.0060975609756097615
2002-11-15,0.022348816827344242
2002-11-18,0.0034290612944707366
2002-11-19,0.02733874412644166
2002-11-20,0.0
2002-11-21,0.0195426195426196
2002-11-22,0.011011419249592258
2002-11-25,0.0024203307785397588
2002-11-26,-0.011670020120724489
2002-11-27,0.022394136807817544
2002-11-28,0.023496614894464418
2002-11-29,0.0015564202334630295
2002-12-02,-0.00038850038850035684
2002-12-03,0.013991449669646272
2002-12-04,-0.003832886163281035
2002-12-05,0.0030781069642171754
2002-12-06,-0.015343306482546892
2002-12-09,0.015192832099727216
2002-12-10,0.01112816577129716
2002-12-11,0.018975332068311257
2002-12-12,0.016387337057728102
2002-12-13,0.012825210699890066
2002-12-16,0.03943560057887119
2002-12-17,0.018099547511312153
2002-12-18,0.023931623931623847
2002-12-19,0.010350584307178723
2002-12-20,-0.022141440846001337
2002-12-23,0.03447110510307527
2002-12-24,0.010454099967331043
2002-12-27,0.01810539928871635
2002-12-30,0.016830739917434334
2002-12-31,-0.059337913803872655
2003-01-02,0.006640106241699861
2003-01-03,0.03660949868073882
2003-01-06,0.0
2003-01-07,-0.02068087814190256
2003-01-08,-0.04808317089018843
2003-01-09,0.03276450511945406
2003-01-10,-0.006278916060806439
2003-01-13,0.01296973727968087
2003-01-14,0.029546946815495634
2003-01-15,0.011798469387755084
2003-01-16,0.017648912700913844
2003-01-17,-0.022297925054196366
2003-01-20,0.020905923344947563
2003-01-21,-0.01582376667700891
2003-01-22,0.011034047919293855
2003-01-23,-0.02089179918927353
2003-01-24,0.007006369426751702
2003-01-27,-0.018975332068311257
2003-01-28,-0.009348807221147615
2003-01-29,0.01724698991213791
2003-01-30,0.0051183621241202015
2003-01-31,0.004774029280712799
2003-02-03,-0.019638897687678236
2003-02-04,0.0058158319870760256
2003-02-05,0.020558946353999463
2003-02-06,0.0012590494176896172
2003-02-07,0.013203395158755127
2003-02-10,0.007446478436239579
2003-02-11,0.001231906375115388
2003-02-12,-0.0015379883112887072
2003-02-13,0.02372150338878609
2003-02-14,0.0009027986758953777
2003-02-17,-0.006013229104028683
2003-02-18,0.006049606775559546
2003-02-19,-0.0030066145520144527
2003-02-20,-0.012062726176115812
2003-02-21,0.0
2003-02-24,0.01984126984126977
2003-02-25,0.006884166417240545
2003-02-26,-0.005350772889417321
2003-02-27,0.01882845188284521
2003-02-28,-0.0026400704018775256
2003-03-03,-0.01764705882352946
2003-03-04,0.029041916167664716
2003-03-05,-0.01309281350014535
2003-03-06,0.013856132075471761
2003-03-07,0.0023262576330327356
2003-03-10,0.013635044966637588
2003-03-11,-0.025186033199770863
2003-03-12,0.0029359953024072905
2003-03-13,-0.005269320843091285
2003-03-14,-0.07357268981753962
2003-03-17,-0.03589580686149929
2003-03-18,-0.05930807248764414
2003-03-19,-0.005253940455341555
2003-03-20,-0.014084507042253502
2003-03-21,-0.08607142857142858
2003-03-24,0.03712387651426341
2003-03-25,0.02788244159758868
2003-03-26,-0.047653958944281594
2003-03-27,0.05042340261739797
2003-03-28,0.013558079882741048
2003-03-31,0.014099783080260275
2003-04-01,-0.0039215686274509665
2003-04-02,-0.05905511811023634
2003-04-03,0.01749714720426021
2003-04-04,-0.04224299065420556
2003-04-07,-0.013661202185792365
2003-04-08,-0.01543332014246146
2003-04-09,0.009244372990353744
2003-04-10,0.001991238550378416
2003-04-11,-0.030604133545309997
2003-04-14,0.013530135301353052
2003-04-15,0.0008090614886731018
2003-04-16,0.004850444624090677
2003-04-17,0.02011263073209979
2003-04-18,0.015772870662460692
2003-04-21,0.0
2003-04-22,-0.0015527950310559868
2003-04-23,-0.04510108864696738
2003-04-24,-0.02035830618892509
2003-04-25,0.009559434746467144
2003-04-28,-0.03581720872787142
2003-04-29,-0.008112724167378405
2003-04-30,0.01592767972449427
2003-05-01,0.008050847457627075
2003-05-02,-0.0025220680958385477
2003-05-05,-0.005899705014749235
2003-05-06,0.013565069944891928
2003-05-07,0.004182350480970376
2003-05-08,0.019575177009579336
2003-05-09,0.04370915032679745
2003-05-12,0.005479452054794498
2003-05-13,-0.009342156481121133
2003-05-14,0.02082514734774077
2003-05-15,0.03040800615858341
2003-05-16,0.0153156518490849
2003-05-19,0.0018395879323032105
2003-05-20,-0.019831068674256325
2003-05-21,0.033345822405395076
2003-05-22,-0.00942712110224797
2003-05-23,-0.0065885797950219205
2003-05-26,-0.013264554163596176
2003-05-27,-0.008588498879760986
2003-05-28,-0.0026365348399246535
2003-05-29,-0.003398791540785484
2003-05-30,0.007199696854869098
2003-06-02,0.036869826937547145
2003-06-03,0.015602322206095698
2003-06-04,-0.017863522686673794
2003-06-05,0.02437249909057848
2003-06-06,0.0078125
2003-06-09,0.008456659619450413
2003-06-10,-0.0062893081761006275
2003-06-11,0.01863572433192684
2003-06-12,-0.01691404901622362
2003-06-13,-0.038272471910112404
2003-06-16,0.004016064257028162
2003-06-17,-0.013090909090909042
2003-06-18,-0.026160648489314653
2003-06-19,-0.00832387438516835
2003-06-20,0.03510110644792053
2003-06-23,0.0
2003-06-24,-0.00626612605971244
2003-06-25,0.014094955489614147
2003-06-26,-0.01024140453547917
2003-06-27,0.014412416851441234
2003-06-30,0.052094717668488055
2003-07-01,-0.019044321329639957
2003-07-02,-0.004588775150017654
2003-07-03,0.01524822695035466
2003-07-04,-0.023052741879147742
2003-07-07,-0.026456918126564144
2003-07-08,0.02644142489900836
2003-07-09,0.009302325581395321
2003-07-10,0.04112017015242819
2003-07-11,-0.0003404834865509132
2003-07-14,-0.028610354223433276
2003-07-15,0.012272089761570903
2003-07-16,-0.012469691721510245
2003-07-17,0.00280603297088744
2003-07-18,0.02133613151451552
2003-07-21,-0.040753424657534176
2003-07-22,0.013923598714744578
2003-07-23,-0.025704225352112586
2003-07-24,0.0021684134441632974
2003-07-25,0.020555355210962967
2003-07-28,-0.020848056537102422
2003-07-29,0.02020931071815224
2003-07-30,0.0014149274849664106
2003-07-31,0.013069586718474024
2003-08-01,0.03312412831241285
2003-08-04,0.009449881876476551
2003-08-05,0.015379471748579121
2003-08-06,-0.01185380309515971
2003-08-07,0.001666111296234396
2003-08-08,0.017631403858948902
2003-08-11,-0.017652827721477582
2003-08-12,0.0026622296173044457
2003-08-13,-0.015599070693660733
2003-08-14,-0.023600809170600145
2003-08-15,0.007596685082872812
2003-08-18,0.0239890335846471
2003-08-19,-0.023427041499330614
2003-08-20,0.0034270047978066653
2003-08-21,0.022882513661202086
2003-08-22,0.009015025041736235
2003-08-25,-0.00794176042356054
2003-08-26,0.0033355570380253496
2003-08-27,-0.0009973404255317897
2003-08-28,0.0016638935108153063
2003-08-29,0.009302325581395321
2003-09-01,-0.024358130348913654
2003-09-02,-0.052631578947368474
2003-09-03,-0.006766381766381668
2003-09-04,-0.014342058085335285
2003-09-05,0.00836667879228803
2003-09-08,0.027056277056277
2003-09-09,-0.02915349490691954
2003-09-10,0.004341534008683201
2003-09-11,-0.01008645533141217
2003-09-12,-0.03493449781659397
2003-09-15,-0.005279034690799378
2003-09-16,-0.0037907505686125553
2003-09-17,-0.019786910197869045
2003-09-18,-0.007763975155279601
2003-09-19,-0.001956181533646184
2003-09-22,0.01215209721677768
2003-09-23,-0.0030983733539892144
2003-09-24,0.041569541569541624
2003-09-25,0.008578888474449764
2003-09-26,-0.0007396449704142327
2003-09-29,0.02775721687638777
2003-09-30,0.011523226503420858
2003-10-01,-0.003915984336062661
2003-10-02,0.03288062902072908
2003-10-03,0.008304498269896321
2003-10-06,0.020933424845573034
2003-10-07,-0.013445378151260456
2003-10-08,-0.01328790459965934
2003-10-09,0.04316298342541436
2003-10-10,0.030453492221118816
2003-10-13,-0.0041760359781560785
2003-10-14,0.014516129032257963
2003-10-15,-0.0069952305246422375
2003-10-16,-0.0057636887608069065
2003-10-17,-0.025120772946859993
2003-10-20,-0.0161876445325404
2003-10-21,-0.005708529214237812
2003-10-22,-0.012158054711246202
2003-10-23,0.01299145299145299
2003-10-24,0.012824839689503875
2003-10-27,-0.020993002332555855
2003-10-28,-0.013274336283185861
2003-10-29,-0.01483270093135558
2003-10-30,-0.03816526610644255
2003-10-31,0.014925373134328401
2003-11-03,-0.0035868005738880493
2003-11-04,-0.016558675305975545
2003-11-05,0.021229868228404003
2003-11-06,0.022222222222222365
2003-11-07,0.0073632538569425865
2003-11-10,0.0031326139923424368
2003-11-11,0.002081887578070818
2003-11-12,-0.010387811634349098
2003-11-13,0.015045486354093862
2003-11-14,0.026542571527059522
2003-11-17,-0.026863666890530546
2003-11-18,0.009661835748792313
2003-11-19,0.0297334244702665
2003-11-20,-0.008297378028543023
2003-11-21,-0.003012048192771122
2003-11-24,-0.06042296072507558
2003-11-25,-0.013219006788138477
2003-11-26,0.02208544532947143
2003-11-27,0.023733616719801454
2003-11-28,0.0017301038062282892
2003-12-01,-0.02694300518134707
2003-12-02,0.03301384451544198
2003-12-03,0.005498281786941561
2003-12-04,-0.00034176349965830966
2003-12-05,-0.01299145299145299
2003-12-08,0.05715275372358852
2003-12-09,-0.008191349934469239
2003-12-10,-0.008259002312520636
2003-12-11,-0.007661558960692871
2003-12-12,0.015105740181268867
2003-12-15,0.021494708994709066
2003-12-16,-0.00809323405632889
2003-12-17,0.01207571801566587
2003-12-18,-0.007094485649790427
2003-12-19,0.007794738551477831
2003-12-22,-0.07251047373509512
2003-12-23,-0.01667824878387769
2003-12-24,0.0406360424028267
2003-12-29,-0.009507640067911605
2003-12-30,0.031882070620500524
2003-12-31,0.006644518272425293
2004-01-02,-0.024752475247524774
2004-01-05,0.09306260575296088
2004-01-06,-0.034055727554179516
2004-01-07,-0.006730769230769207
2004-01-08,0.0038722168441434057
2004-01-09,0.02571520411443262
2004-01-12,-0.015669069257286172
2004-01-13,0.03629417382999045
2004-01-14,-0.02181259600614427
2004-01-15,-0.012876884422110546
2004-01-16,-0.005408845052497502
2004-01-19,0.013115802943058252
2004-01-20,0.0186296179349541
2004-01-21,-0.009609423434593922
2004-01-22,-0.016588419405320742
2004-01-23,0.02100572883513685
2004-01-26,-0.0289900249376559
2004-01-27,-0.0032102728731941976
2004-01-28,-0.00901771336553947
2004-01-29,-0.042248943776405645
2004-01-30,0.002035968781812114
2004-02-02,0.026075177785302994
2004-02-03,-0.0075907590759075605
2004-02-04,-0.014632524110409051
2004-02-05,-0.020587242659466765
2004-02-06,0.008270158511371584
2004-02-09,-0.005468215994531733
2004-02-10,0.03298969072164937
2004-02-11,0.008982035928143617
2004-02-12,-0.005275304978568984
2004-02-13,0.02618495193901227
2004-02-16,0.003875968992248069
2004-02-17,0.011261261261261257
2004-02-18,0.00445434298440972
2004-02-19,0.001900538485904324
2004-02-20,-0.012962377489724952
2004-02-23,0.02146060217809098
2004-02-24,-0.009093759799310153
2004-02-25,0.027215189873417645
2004-02-26,-0.00030807147258160583
2004-02-27,0.015100154083204753
2004-03-01,0.012143290831815534
2004-03-02,0.024295140971805518
2004-03-03,-0.0243045387994143
2004-03-04,0.0039015606242498446
2004-03-05,0.0284005979073243
2004-03-08,-0.0037790697674416895
2004-03-09,-0.016049022468631602
2004-03-10,-0.0263938315539739
2004-03-11,0.011879378617118519
2004-03-12,-0.013847080072245666
2004-03-15,0.0497557997557998
2004-03-16,0.009595812736260534
2004-03-17,0.006624423963133674
2004-03-18,-0.014878397711015845
2004-03-19,-0.002904443799012557
2004-03-22,-0.022138071657442415
2004-03-23,0.024724456359844993
2004-03-24,-0.007558139534883712
2004-03-25,-0.02401874633860579
2004-03-26,-0.02430972388955588
2004-03-29,-0.014457090126114958
2004-03-30,0.03121098626716612
2004-03-31,-0.022699757869249382
2004-04-01,0.009290802105915263
2004-04-02,-0.04295796256520412
2004-04-05,-0.0006412311638345214
2004-04-06,0.009945460378569138
2004-04-07,0.05050825921219815
2004-04-08,0.027517387360145085
2004-04-09,0.001471453796350941
2004-04-12,0.014105201292976766
2004-04-13,-0.010431758910460776
2004-04-14,-0.017862371888726192
2004-04-15,0.005366726296958779
2004-04-16,0.0038552787663108656
2004-04-19,0.025406203840472763
2004-04-20,-0.03313166234514542
2004-04-21,-0.009833134684147926
2004-04-22,0.0003009328919651999
2004-04-23,0.016245487364620947
2004-04-26,0.011841326228537508
2004-04-27,-0.0020479812755997973
2004-04-28,0.02667839343301104
2004-04-29,-0.010279840091376502
2004-04-30,0.016445470282746788
2004-05-03,-0.007380073800737907
2004-05-04,0.031455533314269424
2004-05-05,0.014139173828666474
2004-05-06,0.012848551120830942
2004-05-07,0.005398110661268607
2004-05-10,-0.03812080536912754
2004-05-11,0.031816913201228036
2004-05-12,0.026507979442791596
2004-05-13,0.009222661396574239
2004-05-14,0.019321148825065304
2004-05-17,-0.004098360655737654
2004-05-18,-0.011574074074074181
2004-05-19,-0.002081706999739752
2004-05-20,0.014080834419817556
2004-05-21,-0.03317048084340446
2004-05-24,0.04308510638297869
2004-05-25,-0.0193778684344722
2004-05-26,-0.010660426417056779
2004-05-27,-0.026806833114323192
2004-05-28,-0.0008101539292465487
2004-05-31,0.0
2004-06-01,0.055405405405405395
2004-06-02,-0.02714468629961575
2004-06-03,-0.04553829955251387
2004-06-04,-0.007997793712079426
2004-06-07,-0.011120378092855154
2004-06-08,-0.002811357885858956
2004-06-09,-0.021990414434733596
2004-06-10,0.030556356298645282
2004-06-11,-0.014545454545454639
2004-06-14,-0.0002838489923360221
2004-06-15,-0.015900056785917105
2004-06-16,-0.0028851702250430877
2004-06-17,0.02951388888888884
2004-06-18,-0.004215851602023535
2004-06-21,-0.01721704769968946
2004-06-22,0.0037334865020104413
2004-06-23,-0.004005722460658112
2004-06-24,-0.002872737719046281
2004-06-25,-0.013252664938058212
2004-06-28,-0.029489051094890417
2004-06-29,-0.01895306859205781
2004-06-30,0.018705918429929413
2004-07-01,0.07104154124021678
2004-07-02,-0.006183249016301295
2004-07-05,0.010463800904977338
2004-07-06,0.02071088720962777
2004-07-07,-0.023306827529476326
2004-07-08,0.0423919146546885
2004-07-09,0.012119579854565021
2004-07-12,0.003991484832357672
2004-07-13,-0.027829313543599188
2004-07-14,0.022628135223555113
2004-07-15,0.023993601706211676
2004-07-16,0.0020827909398595246
2004-07-19,0.015068849051701694
2004-07-20,-0.002815459431789069
2004-07-21,-0.012320328542094527
2004-07-22,0.017671517671517645
2004-07-23,0.010980592441266701
2004-07-26,0.004041424602172272
2004-07-27,0.008553459119496898
2004-07-28,0.02469443751558975
2004-07-29,-0.0036514118792599914
2004-07-30,0.013193256779868046
2004-08-02,-0.0028936580660717803
2004-08-03,0.011366384522369932
2004-08-04,-0.0016738402678144748
2004-08-05,0.017724550898203573
2004-08-06,0.0032948929159801743
2004-08-09,0.013605442176870763
2004-08-10,-0.016431381624623986
2004-08-11,-0.0011764705882352233
2004-08-12,0.02473498233215543
2004-08-13,0.014482758620689706
2004-08-16,0.004985270790845098
2004-08-17,-0.006764374295377795
2004-08-18,0.0015891032917139114
2004-08-19,0.016319129646418906
2004-08-20,0.013826940231935758
2004-08-23,-0.023537175538935307
2004-08-24,-0.031538634827663836
2004-08-25,-0.013956734124214942
2004-08-26,-0.04104741684359525
2004-08-27,0.0017220172201721784
2004-08-30,0.0014734774066798018
2004-08-31,-0.024031387935262494
2004-09-01,0.029145728643216184
2004-09-02,0.034912109375
2004-09-03,-0.03113941967445155
2004-09-06,-0.01631361090820549
2004-09-07,-0.005198019801980203
2004-09-08,-0.006966907190843474
2004-09-09,0.038586820345778206
2004-09-10,-0.01013268998793726
2004-09-13,-0.009748964172556662
2004-09-14,0.017474772335712485
2004-09-15,0.01669085631349776
2004-09-16,-0.032119914346895095
2004-09-17,0.05899705014749257
2004-09-20,0.0120705663881151
2004-09-21,0.022018348623853212
2004-09-22,0.024685816876121924
2004-09-23,0.019053876478318132
2004-09-24,-0.008596604341285174
2004-09-27,0.01604162150444388
2004-09-28,0.013868145935566512
2004-09-29,-0.020622895622895654
2004-09-30,0.02621400945423291
2004-10-01,-0.018844221105527637
2004-10-04,0.0027742210840802084
2004-10-05,0.0023409236007660983
2004-10-06,0.018046709129511784
2004-10-07,0.021480709071949766
2004-10-08,0.008779093507554014
2004-10-11,0.02712001619105453
2004-10-12,0.010443349753694653
2004-10-13,-0.016770670826833034
2004-10-14,0.01765172550575178
2004-10-15,-0.005651919703761443
2004-10-18,-0.03645629165033337
2004-10-19,0.0010170870626526884
2004-10-20,0.03190408453566351
2004-10-21,0.0055139818826310805
2004-10-22,0.023893458676067292
2004-10-25,-0.011476664116296886
2004-10-26,0.006965944272445901
2004-10-27,-0.03939277478862413
2004-10-28,-0.022204440888177635
2004-10-29,-0.014729950900163824
2004-11-01,-0.027408637873754027
2004-11-02,-0.012596071733561143
2004-11-03,-0.0023783783783783985
2004-11-04,-0.017771998266146505
2004-11-05,-0.0209620476610769
2004-11-08,0.009240477800315672
2004-11-09,-0.03372041089772215
2004-11-10,-0.016177490177952447
2004-11-11,-0.008221752407798988
2004-11-12,-0.021080056845097173
2004-11-15,-0.048632954270505624
2004-11-16,0.029501525940996753
2004-11-17,-0.005187747035573009
2004-11-18,0.0131611621554506
2004-11-19,0.03651960784313735
2004-11-22,-0.0007093875620713952
2004-11-23,0.018220539517274092
2004-11-24,-0.00952823611433895
2004-11-25,0.011731581417175008
2004-11-26,-0.005797773654916516
2004-11-29,0.02752507581059005
2004-11-30,0.004086265607264439
2004-12-01,-0.06873163011530636
2004-12-02,-0.06554989075018203
2004-12-03,0.002078461938165743
2004-12-06,-0.003629764065335772
2004-12-07,-0.03434816549570652
2004-12-08,-0.0056588520614390125
2004-12-09,0.03875338753387525
2004-12-10,-0.028437255413514162
2004-12-13,-0.012620837808807739
2004-12-14,0.007070981778623864
2004-12-15,0.12152308938698342
2004-12-16,-0.0009631591620514746
2004-12-17,0.037840443480356756
2004-12-20,-0.009057129586623303
2004-12-21,0.0021092102179516292
2004-12-22,-0.05425631431244149
2004-12-23,-0.0037091988130563136
2004-12-24,-0.017125837676842837
2004-12-27,0.0
2004-12-28,0.016161616161616266
2004-12-29,-0.03255467196819095
2004-12-30,0.022347803750321082
2004-12-31,0.014572864321608092
2005-01-04,0.009162951956414034
2005-01-05,0.006134969325153339
2005-01-06,0.054878048780487854
2005-01-07,0.000693641618497054
2005-01-10,0.03304066543438067
2005-01-11,-0.028181614851263692
2005-01-12,0.0069044879171460405
2005-01-13,0.04594285714285706
2005-01-14,-0.010926573426573438
2005-01-17,-0.0035351303579318483
2005-01-18,0.0017738359201773246
2005-01-19,-0.00044267374944673143
2005-01-20,-0.024357838795393993
2005-01-21,0.041307308216069094
2005-01-24,-0.0030514385353095363
2005-01-25,0.008745080891998214
2005-01-26,-0.004334633723450443
2005-01-27,0.012407488027862401
2005-01-28,-0.03784132444635557
2005-01-31,-0.005363128491620128
2005-02-01,0.013704785441473799
2005-02-02,-0.021054964539007015
2005-02-03,-0.023545392800543352
2005-02-04,0.0030141432877346386
2005-02-07,-0.012944983818770073
2005-02-08,0.002107728337236381
2005-02-09,-0.007010983874736976
2005-02-10,0.03647917156978098
2005-02-11,0.008401453224341493
2005-02-14,0.0022517451024544055
2005-02-15,0.008986744551786163
2005-02-16,0.011356045424181893
2005-02-17,0.0
2005-02-18,0.009687362395420562
2005-02-21,0.005015263846489315
2005-02-22,0.03276198741592529
2005-02-23,0.0117647058823529
2005-02-24,0.022425249169435224
2005-02-25,0.0164500406173842
2005-02-28,0.001598401598401633
2005-03-01,0.006782365848793104
2005-03-02,0.011491975430949042
2005-03-03,0.03604309500489733
2005-03-04,-0.01493666099451696
2005-03-07,-0.004414587332053799
2005-03-08,0.027376132639290507
2005-03-09,0.015387502345655779
2005-03-10,-0.019774533357974522
2005-03-11,0.002073906485671184
2005-03-14,0.0099717779868298
2005-03-15,0.00540238450074515
2005-03-16,0.011858439874004034
2005-03-17,0.026002563633034326
2005-03-18,-0.0010708548991612554
2005-03-21,-0.0032160085760228885
2005-03-22,-0.007169743681663343
2005-03-23,-0.06986820725762766
2005-03-24,0.016110248447204878
2005-03-28,-0.011461318051575908
2005-03-29,-0.006376811594202891
2005-03-30,-0.015363671723064964
2005-03-31,0.05115544143788253
2005-04-01,0.017286734310409724
2005-04-04,0.03287772441817505
2005-04-05,-0.024856938483547975
2005-04-06,-0.008252338162479389
2005-04-07,-0.027921597633136064
2005-04-08,-0.014076469469279096
2005-04-11,-0.011962184063283754
2005-04-12,0.006248779535247051
2005-04-13,-0.03609547836211913
2005-04-14,0.010871753573585607
2005-04-15,-0.013742282413861773
2005-04-18,-0.018982229402261797
2005-04-19,0.04549197200494026
2005-04-20,0.014569797204174062
2005-04-21,0.003881234232485875
2005-04-22,0.034409433597525574
2005-04-25,-0.007662119230050446
2005-04-26,-0.011864406779661052
2005-04-27,-0.022489041356965833
2005-04-28,-0.010723337882628137
2005-04-29,-0.002562081198265731
2005-05-02,0.0055325034578146415
2005-05-03,-0.027706818628414287
2005-05-04,0.017784963621665373
2005-05-05,-0.010921366163621826
2005-05-06,-0.0022083918891788734
2005-05-09,0.0002012072434607326
2005-05-10,0.01810500905250456
2005-05-11,-0.0335901995653034
2005-05-12,-0.0308730320997751
2005-05-13,-0.011603375527426074
2005-05-16,-0.00917822838847382
2005-05-17,0.019172770357604563
2005-05-18,0.0008454872120058354
2005-05-19,-0.009081309398099258
2005-05-20,-0.0002131287297528761
2005-05-23,0.00788744404178221
2005-05-24,0.00021150592216567787
2005-05-25,0.04123493338972306
2005-05-26,0.009545085296506883
2005-05-27,-0.005833836250251467
2005-05-30,-0.001821125050586847
2005-05-31,-0.0006081491992702137
2005-06-01,0.02352941176470602
2005-06-02,0.016646848989298357
2005-06-03,0.011695906432748648
2005-06-06,0.013680154142581946
2005-06-07,-0.018817715263257928
2005-06-08,0.005811700891127591
2005-06-09,-0.01078582434514641
2005-06-10,0.012071651090342694
2005-06-13,0.0003847633705271747
2005-06-14,0.029230769230769393
2005-06-15,0.011210762331838486
2005-06-16,0.003325942350332678
2005-06-17,0.04825046040515657
2005-06-20,0.003162333099086423
2005-06-21,0.004553415061296029
2005-06-22,-0.022663877266387633
2005-06-23,0.017302889760970386
2005-06-24,0.0031562335612835835
2005-06-27,0.02254850550603038
2005-06-28,-0.012820512820512775
2005-06-29,-0.04034632034632035
2005-06-30,-0.0010826416456153343
2005-07-01,0.018966763005780374
2005-07-04,0.012763694380429014
2005-07-05,0.012777875021879881
2005-07-06,0.008987210508123011
2005-07-07,-0.014217197670435167
2005-07-08,0.025195482189400487
2005-07-11,-0.04915254237288136
2005-07-12,0.050802139037433136
2005-07-13,-0.010517387616624352
2005-07-14,-0.026401508657637573
2005-07-15,0.003345659447085758
2005-07-18,-0.012811512811512715
2005-07-19,0.008888888888888946
2005-07-20,-0.00634361233480174
2005-07-21,-0.01418691257315119
2005-07-22,0.025004497211728705
2005-07-25,0.009301509301509414
2005-07-26,0.018605459920013834
2005-07-27,-0.004096961420279821
2005-07-28,-0.001028453890983938
2005-07-29,0.02556623198352792
2005-08-01,0.013217333110255858
2005-08-02,-0.0071003963011888604
2005-08-03,-0.0014967570264428076
2005-08-04,0.009660226515656234
2005-08-05,0.001814582645991436
2005-08-08,0.03013337724353704
2005-08-09,0.003676470588235281
2005-08-10,0.015607580824972267
2005-08-11,0.03340128587109925
2005-08-12,0.020637329286798067
2005-08-15,-0.008623253047873924
2005-08-16,-0.023695260947810604
2005-08-17,-0.02596006144393237
2005-08-18,-0.026178836145718254
2005-08-19,0.03983805668016194
2005-08-22,0.025852670923532273
2005-08-23,-0.010778806740549651
2005-08-24,0.0013812154696133394
2005-08-25,0.00965517241379299
2005-08-26,0.005312689738919296
2005-08-29,-0.02204439075947473
2005-08-30,0.021306160259379592
2005-08-31,0.009826152683295453
2005-09-01,-0.0001497005988022604
2005-09-02,-0.01257673304386886
2005-09-05,-0.027141774071266167
2005-09-06,0.0
2005-09-07,-0.00872817955112215
2005-09-08,-0.0305031446540881
2005-09-09,0.015569250729808637
2005-09-12,-0.030820824017885662
2005-09-13,0.01021585104630085
2005-09-14,0.006361115641820181
2005-09-15,0.0032414910858995505
2005-09-16,-0.022940226171243916
2005-09-19,0.05886243386243395
2005-09-20,-0.016552154903185623
2005-09-21,0.021117815179422017
2005-09-22,0.005131394806406453
2005-09-23,-0.03821163366336633
2005-09-26,-0.00707736850571028
2005-09-27,0.013445650413089316
2005-09-28,0.003996163682864484
2005-09-29,-0.01257761502945387
2005-09-30,-0.0051596259271202705
2005-10-03,-0.0009724473257698429
2005-10-04,-0.040071382219338036
2005-10-05,0.0027040730099712196
2005-10-06,-0.03590089330861279
2005-10-07,0.0015734265734264063
2005-10-10,-0.004887414906615484
2005-10-11,0.019119452727591746
2005-10-12,0.031153184165232384
2005-10-13,-0.00717743281589045
2005-10-14,-0.017316745124411503
2005-10-17,0.023267750213858074
2005-10-18,-0.016050827620799235
2005-10-19,-0.012234494477485147
2005-10-20,-0.018751075176329013
2005-10-21,-0.001753155680224383
2005-10-24,0.012293642430628804
2005-10-25,0.018736988202636917
2005-10-26,-0.0027247956403269047
2005-10-27,-0.007855191256830651
2005-10-28,0.023580034423407836
2005-10-31,-0.01681520094165123
2005-11-01,-0.03044296220283904
2005-11-02,0.0324572234962075
2005-11-03,0.01742696053305992
2005-11-04,0.015617128463476071
2005-11-07,-0.03786375661375663
2005-11-08,-0.005155525004296169
2005-11-09,-0.003109345310070788
2005-11-10,-0.032230116097729966
2005-11-11,-0.027752909579230156
2005-11-14,-0.0036832412523019054
2005-11-15,0.006469500924214389
2005-11-16,-0.014141414141414232
2005-11-17,0.0022354694485842153
2005-11-18,-0.01784386617100364
2005-11-21,0.009841029523088407
2005-11-22,0.01592953523238383
2005-11-23,-0.00885445489762049
2005-11-24,-0.005955704448166732
2005-11-25,-0.004868002246770198
2005-11-28,-0.004515522107243708
2005-11-29,0.006237006237006293
2005-11-30,0.00018782870022526765
2005-12-01,0.007511737089201942
2005-12-02,0.0234855545200372
2005-12-05,0.02076124567474058
2005-12-06,-0.0066012488849240825
2005-12-07,-0.009159482758620663
2005-12-08,0.019757114373753826
2005-12-09,0.016352648418058946
2005-12-12,0.0008744316194473356
2005-12-13,0.033723571553381015
2005-12-14,0.007268424611224011
2005-12-15,0.0013425071320691817
2005-12-16,-0.02614379084967322
2005-12-19,-0.03476165892273264
2005-12-20,-0.00017828489926907665
2005-12-21,-0.0005349500713266453
2005-12-22,0.022301516503122176
2005-12-23,-0.017801047120418745
2005-12-26,0.004619758351101622
2005-12-28,0.006544039617969455
2005-12-29,0.014232999472851837
2005-12-30,0.010741510741510751
2006-01-03,0.05433664724031528
2006-01-04,-0.004226954966672025
2006-01-05,0.007020408163265213
2006-01-06,0.012159533073929918
2006-01-09,0.001281435207432402
2006-01-10,-0.003039513677811523
2006-01-11,-0.012516046213093768
2006-01-12,0.022911927201820115
2006-01-13,-0.021763304209690304
2006-01-16,0.01234166937317327
2006-01-17,0.014116137311517507
2006-01-18,0.006010756089845026
2006-01-19,0.0006289308176099517
2006-01-20,0.020113136392206243
2006-01-23,-0.00554528650646946
2006-01-24,-0.011462205700123906
2006-01-25,-0.018959573801316187
2006-01-26,0.005111004631847882
2006-01-27,0.03209915779437478
2006-01-30,0.0029253271747498033
2006-01-31,-0.029935523487872318
2006-02-01,0.038771957588225936
2006-02-02,-0.032754418037781785
2006-02-03,-0.014962986297054726
2006-02-06,0.012472017908538469
2006-02-07,-0.02653190145293749
2006-02-08,-0.013303049967553493
2006-02-09,-0.0019730351857940587
2006-02-10,-0.017133443163097284
2006-02-13,-0.008380824673147824
2006-02-14,-0.015043948613928215
2006-02-15,-0.010296893770379345
2006-02-16,-0.015432633951794728
2006-02-17,0.02747446283902777
2006-02-20,0.02931093589304079
2006-02-21,-0.011656952539550347
2006-02-22,-0.010783487784330248
2006-02-23,0.0
2006-02-24,0.024186680292965557
2006-02-27,-0.011475137202727526
2006-02-28,0.005720053835800876
2006-03-01,0.0224155235864838
2006-03-02,0.018815445026178157
2006-03-03,0.00674482094106299
2006-03-06,-0.020417929494337184
2006-03-07,-0.02638006839276985
2006-03-08,-0.02291353069075097
2006-03-09,0.006846970215679482
2006-03-10,0.0037402244134647766
2006-03-13,0.033028455284553004
2006-03-14,0.0229545827184785
2006-03-15,0.011700593043757035
2006-03-16,-0.016634980988593062
2006-03-17,0.023682938617689775
2006-03-20,-0.01951526597418951
2006-03-21,-0.037560192616372334
2006-03-22,0.02118078719146088
2006-03-23,0.00865588763677927
2006-03-24,0.016515544041450836
2006-03-27,-0.003026441541892244
2006-03-28,0.027480428183415784
2006-03-29,0.008863318301974621
2006-03-30,0.01649198520345263
2006-03-31,0.001667930250189631
2006-04-03,0.01846805933999396
2006-04-04,-0.020065398335315066
2006-04-05,0.012285757621719906
2006-04-06,0.012586155229247886
2006-04-07,-0.006954720331458941
2006-04-10,0.016241990761436398
2006-04-11,0.004692082111436902
2006-04-12,0.014886164623467701
2006-04-13,-0.002157031924072572
2006-04-18,0.022769851563625876
2006-04-19,0.02423559250387486
2006-04-20,-0.0016508460586051044
2006-04-21,0.018878324376464084
2006-04-24,0.000270489586150946
2006-04-25,-0.014872904272579701
2006-04-26,0.008234971177600858
2006-04-27,-0.02273346038660473
2006-04-28,0.00501462599247815
2006-05-01,0.016909216909216873
2006-05-02,0.014719912770887245
2006-05-03,-0.009670920080591006
2006-05-04,-0.02563407025634068
2006-05-05,-0.008630289532294055
2006-05-08,-0.04156135916877268
2006-05-09,0.03428069147377655
2006-05-10,-0.01090651558073652
2006-05-11,0.033939567521122704
2006-05-12,-0.01246537396121894
2006-05-15,-0.0366058906030855
2006-05-16,-0.00043674479545785516
2006-05-17,-0.016603553743081867
2006-05-18,-0.0019253554502368653
2006-05-19,-0.0068259385665527805
2006-05-22,-0.0061258030778427175
2006-05-23,0.03683102826217688
2006-05-24,-0.007539509931854371
2006-05-25,0.0008765522279035043
2006-05-26,0.0199970807181431
2006-05-29,-0.010303377218088161
2006-05-30,0.00954308849045682
2006-05-31,-0.032225723288456076
2006-06-01,0.0177593606630162
2006-06-02,-0.005089428529882145
2006-06-05,0.010377082724349451
2006-06-06,-0.012729639809055393
2006-06-07,-0.015824175824175835
2006-06-08,-0.020991514068780637
2006-06-09,0.05124695863746953
2006-06-12,-0.007377404889338801
2006-06-13,-0.042990381812882617
2006-06-14,-0.0022841480127913094
2006-06-15,0.00793650793650813
2006-06-16,-0.015596608116293154
2006-06-19,0.02138132594985387
2006-06-20,0.017620481927710596
2006-06-21,0.0088796803315081
2006-06-22,0.020976969341352403
2006-06-23,0.004454022988505724
2006-06-26,-0.0008582463166929566
2006-06-27,0.020186113099499137
2006-06-28,0.007016559079427553
2006-06-29,0.017558528428093467
2006-06-30,0.0024650780608053147
2006-07-03,0.010109289617486361
2006-07-04,-0.010413849066810865
2006-07-05,-0.003963372967063061
2006-07-06,0.003293084522502765
2006-07-07,0.013949671772428784
2006-07-10,-0.0236039924467224
2006-07-11,0.010360547036883494
2006-07-12,-0.0013672409078478998
2006-07-13,0.029983570646221258
2006-07-14,0.011963312508307844
2006-07-17,-0.013266780507027343
2006-07-18,0.0026624068157612424
2006-07-19,-0.04912373871481668
2006-07-20,0.013124825467746515
2006-07-21,0.005512679162072542
2006-07-24,-0.011924342105263053
2006-07-25,0.0055486197808294335
2006-07-26,0.01751965788384613
2006-07-27,0.021691973969631073
2006-07-28,-0.018710191082802474
2006-07-31,0.010818120351588911
2006-08-01,0.021939799331103682
2006-08-02,0.016232491163764795
2006-08-03,-0.01739018420713634
2006-08-04,0.0032773990561090205
2006-08-07,0.016856134849078774
2006-08-08,0.001413518375739109
2006-08-09,0.0042345694854355465
2006-08-10,-0.032839253769486376
2006-08-11,-0.006605892456070794
2006-08-14,-0.018752493682670512
2006-08-15,-0.002846299810246755
2006-08-16,-0.012233247247519285
2006-08-17,-0.030961882482454905
2006-08-18,0.012496449872195337
2006-08-21,0.015708274894810748
2006-08-22,-0.004971002485501197
2006-08-23,-0.013044684984734878
2006-08-24,0.003937007874015741
2006-08-25,0.016526610644257644
2006-08-28,-0.04326260677872695
2006-08-29,-0.0349942396313363
2006-08-30,0.0020892404118788566
2006-08-31,0.007594936708860578
2006-09-01,0.041826780963641674
2006-09-04,-0.026528585614980726
2006-09-05,-0.03905566890119505
2006-09-06,-0.00803760994843794
2006-09-07,-0.013606482189267743
2006-09-08,-0.0034097954122752627
2006-09-11,-0.029393468118195987
2006-09-12,-0.002884153180579996
2006-09-13,-0.015265948899244708
2006-09-14,-0.008648825065274202
2006-09-15,-0.008559670781893014
2006-09-18,0.020587746969948473
2006-09-19,0.0170815031722793
2006-09-20,-0.05486244401791429
2006-09-21,0.0030462007107801004
2006-09-22,-0.0077610933018390504
2006-09-25,-0.015643598027546335
2006-09-26,0.011055449991362876
2006-09-27,-0.01588928754484875
2006-09-28,0.05347222222222214
2006-09-29,-0.026203032300593176
2006-10-02,-0.004907767811812569
2006-10-03,-0.042857142857142816
2006-10-04,-0.008173418621179818
2006-10-05,0.037800071658903533
2006-10-06,-0.01778007940617987
2006-10-09,0.04130052724077338
2006-10-10,-0.024472573839662504
2006-10-11,-0.0008650519031141446
2006-10-12,0.002077922077922123
2006-10-13,0.019008121651978627
2006-10-16,-0.012718331354926282
2006-10-17,0.03280659567159061
2006-10-18,-0.02694162647596876
2006-10-19,-0.013160143565202453
2006-10-20,0.003463803255975062
2006-10-23,-0.02381774249223323
2006-10-24,0.0
2006-10-25,0.039427157001414415
2006-10-26,-0.0005102908657935723
2006-10-27,-0.01310415248468344
2006-10-30,-0.015692360751853873
2006-10-31,-0.01664330763840216
2006-11-01,0.00427578834847675
2006-11-02,-0.0019513925847082225
2006-11-03,0.005154639175257714
2006-11-06,0.008311229000884213
2006-11-07,-0.0005261311820413672
2006-11-08,0.0033339182312686066
2006-11-09,0.04442112626792594
2006-11-10,-0.009042196918955137
2006-11-13,-0.038864481243663374
2006-11-14,0.01793248945147674
2006-11-15,0.0012089810017270608
2006-11-16,0.02639296187683282
2006-11-17,-0.04184873949579837
2006-11-20,0.0064900894579900115
2006-11-21,0.037469501568490715
2006-11-22,-0.014614480094070292
2006-11-23,0.01772928741902491
2006-11-24,0.0170854271356784
2006-11-27,-0.0032938076416336726
2006-11-28,0.01156642432253796
2006-11-29,0.014864423391048653
2006-11-30,0.03589248350233376
2006-12-01,0.005904288377874378
2006-12-04,-0.011893728761198541
2006-12-05,-0.005002344849148077
2006-12-06,0.0007855459544383603
2006-12-07,-0.0083202511773941
2006-12-08,0.007915149596327442
2006-12-11,-0.01696246269828805
2006-12-12,-0.00015976993129895867
2006-12-13,-0.011025886864812984
2006-12-14,0.01551139117789635
2006-12-15,0.0009546539379474694
2006-12-18,-0.0015895724050229987
2006-12-19,-0.009871039643368995
2006-12-20,0.015114970252452231
2006-12-21,-0.015840329478853166
2006-12-22,-0.0033800096571704463
2006-12-27,-0.019702842377260943
2006-12-28,-0.021252059308072613
2006-12-29,-0.0075744824103685104
2007-01-02,-0.007971506105834414
2007-01-03,-0.0318003077449136
2007-01-04,-0.03619989404909063
2007-01-05,-0.032246244045437855
2007-01-08,0.0
2007-01-09,-0.008330177962892815
2007-01-10,-0.005154639175257825
2007-01-11,-0.00825177509115338
2007-01-12,-0.0334752321981423
2007-01-16,0.026626626626626626
2007-01-17,-0.0017550702028081844
2007-01-18,-0.007032623559288909
2007-01-19,0.028723194963604204
2007-01-22,0.03920443679479835
2007-01-23,-0.007545086492455
2007-01-24,0.02188021509363991
2007-01-25,0.010161495191435277
2007-01-26,-0.0068259385665528916
2007-01-29,-0.010490142882980669
2007-01-30,-0.0003655638822884777
2007-01-31,0.033461327482172454
2007-02-01,0.0038924274593064023
2007-02-02,0.0033486076841733325
2007-02-05,0.030563850342525845
2007-02-06,-0.010738026248508614
2007-02-07,0.005341144038594203
2007-02-08,-0.019023136246786643
2007-02-09,-0.0005241090146750338
2007-02-12,-0.02954029015906301
2007-02-13,0.01080691642651277
2007-02-14,-0.01906628652886677
2007-02-15,-0.014532243415077195
2007-02-16,0.04663594470046095
2007-02-20,-0.015322296583304085
2007-02-21,0.032731175102843846
2007-02-22,0.01524073432629014
2007-02-23,0.030023882633913423
2007-02-26,-0.0006624710168929848
2007-02-27,-0.0009943652635068245
2007-02-28,-0.014764432647644377
2007-03-01,0.03013975416736825
2007-03-02,0.012095456031382845
2007-03-05,-0.03456072351421191
2007-03-06,-0.0016728002676480447
2007-03-07,0.024296246648793707
2007-03-08,-0.0037624734173073993
2007-03-09,-0.010673234811165777
2007-03-12,0.005643153526970979
2007-03-13,0.015349067502888225
2007-03-14,-0.01024057217165153
2007-03-15,-0.008047298406963388
2007-03-16,0.008774834437086154
2007-03-19,-0.007221401608403011
2007-03-20,-0.006282030087617851
2007-03-21,0.0011645316918982296
2007-03-22,0.02309737454303762
2007-03-23,0.02484976449569598
2007-03-26,0.021077654516640232
2007-03-27,-0.0027937296290548863
2007-03-28,0.029571984435797782
2007-03-29,0.015721844293272724
2007-03-30,0.019050453936597656
2007-04-02,0.006864320140207436
2007-04-03,-0.013635044966637588
2007-04-04,0.0013235294117648344
2007-04-05,0.015567631076516486
2007-04-10,-0.02183658712942882
2007-04-11,0.014192785334121716
2007-04-12,-0.01180758017492689
2007-04-13,0.014603923882578584
2007-04-16,-0.024425705146845167
2007-04-17,-0.011326378539493143
2007-04-18,-0.018842327404280934
2007-04-19,0.016592410508526667
2007-04-20,0.002569140093698019
2007-04-23,0.006933976484775339
2007-04-24,0.017065868263473005
2007-04-25,-0.007359434795407682
2007-04-26,0.0010379596678529168
2007-04-27,-0.003406902681084345
2007-04-30,-0.0007431629013079366
2007-05-01,0.002528633050721485
2007-05-02,-0.027151335311572877
2007-05-03,-0.010980631386304673
2007-05-04,0.004471858134155848
2007-05-07,-0.03745778323610682
2007-05-08,0.013556618819776656
2007-05-09,-0.0007867820613689513
2007-05-10,0.017795275590551052
2007-05-11,0.008509979885502172
2007-05-14,0.010432648051549531
2007-05-15,0.013361676283024426
2007-05-16,0.001348516631705099
2007-05-17,0.03366751458925643
2007-05-18,0.002605674580197004
2007-05-21,0.003609587063239994
2007-05-22,0.007768666378938249
2007-05-23,0.013704496788008669
2007-05-24,0.013378397408815523
2007-05-25,-0.017231795441912112
2007-05-29,-0.019937782805429793
2007-05-30,-0.024094647237050903
2007-05-31,0.007983441750443632
2007-06-01,0.006893517160457607
2007-06-04,0.03277494537509096
2007-06-05,0.006488011283497741
2007-06-06,0.001961883408071685
2007-06-07,0.012027972027972123
2007-06-08,-0.03206191265892744
2007-06-11,-0.016990291262136137
2007-06-12,-0.004212055192447273
2007-06-13,0.009918319719953272
2007-06-14,0.028018486424032485
2007-06-15,0.006322000561955532
2007-06-18,0.00977244171436542
2007-06-19,-0.002212083506152318
2007-06-20,-0.022447000138561823
2007-06-21,0.01785967399007804
2007-06-22,0.003202896532516375
2007-06-25,-0.00943920044419777
2007-06-26,0.0007006726457399193
2007-06-27,0.0060215656070579104
2007-06-28,0.0016703786191536452
2007-06-29,0.003613118399110604
2007-07-02,0.009415674328441037
2007-07-03,0.01865569272976675
2007-07-05,0.015351467815782449
2007-07-06,0.01564986737400531
2007-07-09,0.00679028466962639
2007-07-10,0.010116731517509692
2007-07-11,-0.005649717514124242
2007-07-12,0.010330578512396604
2007-07-13,-0.0015337423312882237
2007-07-16,0.0006400409626214909
2007-07-17,-0.007419726237687052
2007-07-18,0.005284186106456978
2007-07-19,0.004743589743589904
2007-07-20,0.009187188975373184
2007-07-23,-0.009229991149323657
2007-07-24,-0.0316488004083717
2007-07-25,-0.008829731154454401
2007-07-26,0.02752293577981657
2007-07-27,-0.009057971014492794
2007-07-30,-0.0066597022721337495
2007-07-31,0.012357039568818395
2007-08-01,0.0012985326580963186
2007-08-02,-0.01257943198028788
2007-08-03,-0.010244286840031536
2007-08-06,-0.035429936305732546
2007-08-07,-0.031228504608611818
2007-08-08,0.004402158477705198
2007-08-09,-0.009189876997030999
2007-08-10,-0.007277397260274099
2007-08-13,0.024867040390973205
2007-08-14,-0.028190743338008306
2007-08-15,0.029008514937220342
2007-08-16,-0.03548387096774197
2007-08-17,0.014977461102224865
2007-08-20,-0.020487106017191836
2007-08-21,-0.0071668860611380225
2007-08-22,-0.002209781968179003
2007-08-23,0.014764506127270094
2007-08-24,0.011057762258111392
2007-08-27,-0.009209958267376583
2007-08-28,0.0117647058823529
2007-08-29,0.011771461383864645
2007-08-30,0.013904653802496947
2007-08-31,0.011614889448642751
2007-09-04,0.02669802185641168
2007-09-05,0.006736728644570089
2007-09-06,0.019941113490363982
2007-09-07,-0.014827450465818126
2007-09-10,-0.00146510388918486
2007-09-11,0.016806722689075793
2007-09-12,0.012068739341466683
2007-09-13,0.008943616331821058
2007-09-14,0.005524152106885838
2007-09-17,-0.0035773604190622033
2007-09-18,-0.012693935119887145
2007-09-19,0.019090909090909047
2007-09-20,0.000127437237160688
2007-09-21,0.005479102956167159
2007-09-24,-0.013179571663920808
2007-09-25,-0.013484011814562824
2007-09-26,-0.007940640458213966
2007-09-27,0.03503477233958807
2007-09-28,0.026495943204868144
2007-10-01,-0.032604668395702086
2007-10-02,-0.018639091025149934
2007-10-03,0.012098347860023395
2007-10-04,0.0005141388174807471
2007-10-05,0.0155447070914696
2007-10-08,-0.026691967109424453
2007-10-09,0.011437483753574229
2007-10-10,0.00038550501156509043
2007-10-11,0.03827874116891472
2007-10-12,-0.00012371644191522257
2007-10-15,0.020786933927245732
2007-10-16,0.023393939393939522
2007-10-17,0.009593746298708794
2007-10-18,-0.002463632097606694
2007-10-19,-0.009173232976596557
2007-10-22,-0.018160237388724076
2007-10-23,-0.004956479690522153
2007-10-24,0.014093062811322943
2007-10-25,0.023122079789145822
2007-10-26,-0.0080796252927402
2007-10-29,0.06091370558375653
2007-10-30,0.0
2007-10-31,0.0
2007-11-01,0.00545232001780338
2007-11-02,0.019366976538291336
2007-11-05,0.000542829225925523
2007-11-06,0.01985677083333326
2007-11-07,0.009149909564847292
2007-11-08,-0.004744333157617131
2007-11-09,-0.022033898305084842
2007-11-12,-0.008232235701906343
2007-11-13,-0.026976845784185244
2007-11-14,0.018408351105623444
2007-11-15,-0.004518902237407807
2007-11-16,0.018489813994685633
2007-11-19,-0.004348298728122479
2007-11-20,0.02773228518397186
2007-11-21,0.00892382874747688
2007-11-23,0.003790670738127888
2007-11-26,-0.0047204447707962505
2007-11-27,-0.017390387858347345
2007-11-28,-0.017054596160034352
2007-11-29,0.007638585770405992
2007-11-30,-0.03931124106562711
2007-12-03,-0.009694510201781026
2007-12-04,0.024132043255549185
2007-12-05,0.008113815716349837
2007-12-06,-0.02469680264608609
2007-12-07,0.0
2007-12-10,-0.012774135202351267
2007-12-11,0.005038360242757278
2007-12-12,0.04466218525692156
2007-12-13,0.009597556985494471
2007-12-14,-0.007669871448633403
2007-12-17,-0.016764641846287898
2007-12-18,0.004317980513729003
2007-12-19,0.002976518575680931
2007-12-20,0.0008793141349747735
2007-12-21,-0.000329453107841049
2007-12-24,0.006151818081951088
2007-12-27,0.04443716562943556
2007-12-28,0.002717959439682227
2007-12-31,-0.02335279399499579
2008-01-02,0.035546541417591726
2008-01-03,0.01484383053293481
2008-01-04,-0.016048755713560126
2008-01-07,-0.027665944048725133
2008-01-08,0.023144707506104645
2008-01-09,0.0040469025630383015
2008-01-10,-0.04092600248036382
2008-01-11,-0.010129310344827558
2008-01-14,0.007838014369693003
2008-01-15,-0.018470511989630567
2008-01-16,-0.030483107736326787
2008-01-17,0.009761634506242789
2008-01-18,0.007868705035971146
2008-01-22,-0.0172875306714253
2008-01-23,-0.011916922029281518
2008-01-24,0.007236388697450025
2008-01-25,0.03729045501197392
2008-01-28,-0.0005496921723834314
2008-01-29,0.017379826201737947
2008-01-30,-0.0003243593902043651
2008-01-31,-0.009517629245078929
2008-02-01,-0.001856300502293129
2008-02-04,-0.00350071108193839
2008-02-05,-0.016357448677132624
2008-02-06,-0.009709821428571352
2008-02-07,-0.002028626169277681
2008-02-08,0.03274985883681536
2008-02-11,0.027118644067796627
2008-02-12,0.003726179069519775
2008-02-13,-0.004879083580823118
2008-02-14,0.022383287145598008
2008-02-15,0.010842368640533673
2008-02-19,0.0007219471947195188
2008-02-20,0.008760177264763414
2008-02-21,-0.003677973028197834
2008-02-22,-0.014868744872846618
2008-02-25,0.014156344332257875
2008-02-26,0.016627322180026605
2008-02-27,-0.007773851590106018
2008-02-28,0.01577126577126564
2008-02-29,0.010718220975658665
2008-03-03,0.009217046580773047
2008-03-04,-0.03171953255425708
2008-03-05,0.02383367139959436
2008-03-06,0.02496285289747391
2008-03-07,0.011500918140523897
2008-03-10,0.006401681635773038
2008-03-11,0.013766258425899514
2008-03-12,0.011331710058063216
2008-03-13,0.011019538846189558
2008-03-14,-0.0001831837332846309
2008-03-17,-0.04351410773176989
2008-03-18,0.009002969064265898
2008-03-19,-0.025628856193640193
2008-03-20,-0.027959084266926504
2008-03-24,0.011525355782721958
2008-03-25,-0.010106014069156899
2008-03-26,0.02922630367330603
2008-03-27,0.010308275795001487
2008-03-28,-0.011646934257387609
2008-03-31,-0.003408648227502975
2008-04-01,-0.03557119124401442
2008-04-02,0.0016212382206910458
2008-04-03,0.035002529084471545
2008-04-04,-0.0009774215619197113
2008-04-07,0.03688484492711086
2008-04-08,-0.008775240611436197
2008-04-09,0.022941456449309783
2008-04-10,-0.0008375209380233617
2008-04-11,-0.0020489894756449134
2008-04-14,0.010919272048530049
2008-04-15,0.023264401772525867
2008-04-16,0.0009924215084806676
2008-04-17,0.0035150968904911206
2008-04-18,-0.006017603736303223
2008-04-21,0.006144393241167334
2008-04-22,0.01966771441401005
2008-04-23,0.015853443720274862
2008-04-24,-0.004248309346280621
2008-04-25,0.015411406181976561
2008-04-28,-0.007888869833647782
2008-04-29,-0.015903197925669854
2008-04-30,-0.02406464078693127
2008-05-01,-0.034377249820014444
2008-05-02,0.043056849953401644
2008-05-05,0.03359542530378845
2008-05-06,0.036307053941908585
2008-05-07,0.0032532532532532077
2008-05-08,-0.003492142678972354
2008-05-09,0.030788485607008864
2008-05-12,-0.005261453780152192
2008-05-13,0.0017902188949467934
2008-05-14,-0.0156770367963609
2008-05-15,0.01303845519062552
2008-05-16,0.0017921146953405742
2008-05-19,-0.006423808749390192
2008-05-20,0.015795073246583247
2008-05-21,0.025459233000322268
2008-05-22,0.013827781269641681
2008-05-23,0.005269683818970972
2008-05-27,-0.006167129201356869
2008-05-28,7.75674837110163e-05
2008-05-29,0.003102458698518662
2008-05-30,-0.011443593907059624
2008-06-02,0.005084082909659893
2008-06-03,-0.017276264591439716
2008-06-04,-0.03611023123218249
2008-06-05,0.005257969109431437
2008-06-06,0.0854037267080745
2008-06-09,0.012197876665913654
2008-06-10,0.006025440749832578
2008-06-11,-0.0053238686779059075
2008-06-12,-0.01791555159084146
2008-06-13,0.016501400348194473
2008-06-16,-0.0029041626331073322
2008-06-17,-0.01964152352501869
2008-06-18,-0.016378456616134685
2008-06-19,0.02106567534076831
2008-06-20,0.01850728155339798
2008-06-23,0.0019362526064938823
2008-06-24,0.0061691690203657945
2008-06-25,-0.02792346901085918
2008-06-26,0.039744661448438245
2008-06-27,0.01871071480777675
2008-06-30,-0.0070311378963983096
2008-07-01,0.016401734104046106
2008-07-02,0.004052036681595483
2008-07-03,0.019187199093741114
2008-07-07,-0.03007988885029511
2008-07-08,-0.03917776822804753
2008-07-09,-0.001789042117033235
2008-07-10,0.014188634157269897
2008-07-11,0.05794860466828666
2008-07-14,-0.008699888641425346
2008-07-15,-0.04500456364529937
2008-07-16,-0.019923540655785943
2008-07-17,0.006376115820268424
2008-07-18,-0.03592725104353012
2008-07-21,0.0
2008-07-22,-0.016700170094325006
2008-07-23,-0.0025161188866174022
2008-07-24,-0.011272268642598116
2008-07-25,-0.00581997927130673
2008-07-28,0.007778668805132227
2008-07-29,0.0007957348611442594
2008-07-30,-0.02631788184781747
2008-07-31,0.01339212804180967
2008-08-01,0.00048348106365825316
2008-08-04,-0.018443943298969034
2008-08-05,-0.04406334618856167
2008-08-06,-0.017424892703862715
2008-08-07,0.021577705949156867
2008-08-08,-0.033435950059859776
2008-08-11,-0.02202954967707682
2008-08-12,-0.014112538447620837
2008-08-13,0.015599192512387727
2008-08-14,0.01029996385977583
2008-08-15,-0.027007690931854733
2008-08-18,0.004871323529411775
2008-08-19,-0.0028354523003750742
2008-08-20,-0.0027517886626307053
2008-08-21,0.07836644591611486
2008-08-22,-0.02772091436369839
2008-08-25,-0.03728397227827007
2008-08-26,0.02241662110442877
2008-08-27,0.007575757575757569
2008-08-28,0.004334365325077583
2008-08-29,-0.00044037343667435724
2008-09-02,-0.07533703409992065
2008-09-03,-0.010101010101010166
2008-09-04,-0.004524451289949938
2008-09-05,-0.00870322019147074
2008-09-08,-0.013949858550385441
2008-09-09,-0.021171349426197028
2008-09-10,-0.029714978775015166
2008-09-11,0.00010416666666679397
2008-09-12,-0.017081554004791166
2008-09-15,-0.041538624562890814
2008-09-16,-0.05085682697623006
2008-09-17,0.0027955736750147064
2008-09-18,0.055755604599837305
2008-09-19,0.02827593794696881
2008-09-22,0.07457735929809561
2008-09-23,0.0028875833914168147
2008-09-24,0.01360206513105644
2008-09-25,-0.016064257028112428
2008-09-26,0.004280736684917796
2008-09-29,-0.048770816812053974
2008-09-30,-0.0254272613588995
2008-10-01,-0.014221556886227504
2008-10-02,-0.03590411107495395
2008-10-03,0.0007875787578759397
2008-10-06,-0.04766722878021368
2008-10-07,-0.01817967182150859
2008-10-08,-0.02885655885535654
2008-10-09,0.010895134332054024
2008-10-10,-0.08658909981628915
2008-10-13,-0.0028157683024938596
2008-10-14,0.008202232082828997
2008-10-15,-0.10829554547879439
2008-10-16,-0.040682022135806184
2008-10-17,0.02977860929217324
2008-10-20,0.021196063588190928
2008-10-21,-0.02164566345441077
2008-10-22,-0.0460675859978783
2008-10-23,0.033518665607625175
2008-10-24,-0.06901321856747622
2008-10-27,-0.020307082714214886
2008-10-28,-0.007920458375463513
2008-10-29,0.08714115848479698
2008-10-30,-0.04906250000000001
2008-10-31,-0.014130791981597057
2008-11-03,0.005333333333333412
2008-11-04,0.04078249336870021
2008-11-05,-0.0269194010831475
2008-11-06,-0.08102799148796858
2008-11-07,0.012468827930174564
2008-11-10,0.004222378606614896
2008-11-11,-0.040644709180098104
2008-11-12,-0.04181884587289997
2008-11-13,-0.021917286068229402
2008-11-14,-0.012081060015588396
2008-11-17,0.002366863905325367
2008-11-18,-0.03384494293585205
2008-11-19,-0.01527494908350302
2008-11-20,-0.05294725956566704
2008-11-21,-0.01921816990609304
2008-11-24,0.10242707637497217
2008-11-25,-0.040395879620278685
2008-11-26,0.039570616712271134
2008-11-28,-0.033812512654383564
2008-12-01,-0.002933780385582563
2008-12-02,-0.04077343421605717
2008-12-03,-0.027388255915863247
2008-12-04,-0.012615453931065557
2008-12-05,-0.1549167237052247
2008-12-08,0.08045356371490286
2008-12-09,-0.0062468765617191835
2008-12-10,-0.01081216997736989
2008-12-11,0.10676156583629881
2008-12-12,-0.02664216812126774
2008-12-15,0.062293534686172825
2008-12-16,-0.067081297201244
2008-12-17,-0.003809523809523707
2008-12-18,-0.0394359464627152
2008-12-19,-0.016670813635232484
2008-12-22,-0.036437246963562875
2008-12-23,-0.07379201680672254
2008-12-24,-0.023249220300538664
2008-12-26,-0.020899854862119205
2008-12-29,0.012748295286095557
2008-12-30,0.031030444964871284
2008-12-31,0.017035775127768327
2009-01-02,0.19877163595756553
2009-01-05,0.06753609687936679
2009-01-06,0.06653577661431065
2009-01-07,-0.054407854366946284
2009-01-08,-0.07116590958252211
2009-01-09,-0.013972985561248152
2009-01-12,-0.0349551251771375
2009-01-13,0.053597650513949935
2009-01-14,-0.018118466898954577
2009-01-15,0.0011828720132480708
2009-01-16,0.025992438563327003
2009-01-20,-0.050667894979272265
2009-01-21,-0.03202328966521106
2009-01-22,0.06315789473684208
2009-01-23,0.01673738802451674
2009-01-26,0.11291444470206335
2009-01-27,-0.10708333333333331
2009-01-28,0.0
2009-01-29,0.006299580027998131
2009-01-30,0.024113146301877997
2009-02-02,-0.027394158931401402
2009-02-03,0.00442271880819356
2009-02-04,0.012282734646581694
2009-02-05,0.005494505494505475
2009-02-06,0.012978142076502719
2009-02-09,0.0615868734547087
2009-02-10,-0.028583527419013266
2009-02-11,-0.03574542284219706
2009-02-12,0.06758589511754054
2009-02-13,-0.08193944526783814
2009-02-17,-0.08464022140221406
2009-02-18,-0.007054673721340388
2009-02-19,0.07485409794468412
2009-02-20,-0.004013220018885821
2009-02-23,-0.02180611519317366
2009-02-24,-0.02641143687908898
2009-02-25,0.05450472872075651
2009-02-26,0.0656124616473921
2009-02-27,-0.01638981173864895
2009-03-02,-0.040756586354424584
2009-03-03,0.0028169014084507005
2009-03-04,0.07841760299625467
2009-03-05,-0.03516388105057511
2009-03-06,-0.021822272215973104
2009-03-09,0.024609015639374343
2009-03-10,0.009876543209876631
2009-03-11,-0.039786619248721955
2009-03-12,-0.023379629629629695
2009-03-13,0.06589239156198157
2009-03-16,-0.018901489882143685
2009-03-17,0.03195829555757035
2009-03-18,-0.00680869756204705
2009-03-19,0.062140645731977084
2009-03-20,0.02581719758484291
2009-03-23,0.05216155875786477
2009-03-24,-0.010030864197530964
2009-03-25,0.002727981293842552
2009-03-26,0.008356004663816474
2009-03-27,-0.020813258816727687
2009-03-30,-0.03463885061995675
2009-03-31,-0.05953109072375118
2009-04-01,-0.004552352048558417
2009-04-02,0.1082317073170731
2009-04-03,-0.008056592650815597
2009-04-06,0.008518225039619631
2009-04-07,-0.005696326851306166
2009-04-08,0.028447254049782877
2009-04-09,0.005186323472915699
2009-04-13,-0.03057519587234858
2009-04-14,0.02621722846441954
2009-04-15,-0.01440645409143293
2009-04-16,0.010134476710192963
2009-04-17,0.0036658306000387775
2009-04-20,-0.05690119184928877
2009-04-21,-0.00754178556869145
2009-04-22,-0.0039022386527006736
2009-04-23,-0.004329896907216524
2009-04-24,0.041416442327604
2009-04-27,-0.03221316365082516
2009-04-28,-0.0006163961372509519
2009-04-29,0.03248355263157898
2009-04-30,0.0015929908403027326
2009-05-01,0.02882703777335993
2009-05-04,0.02917874396135267
2009-05-05,-0.0018775816748028973
2009-05-06,0.03592927012791569
2009-05-07,0.02832758307608496
2009-05-08,-0.010771675790217206
2009-05-11,-0.000535523027490159
2009-05-12,0.009465976067154935
2009-05-13,0.0056617126680820196
2009-05-14,-0.010380014074595434
2009-05-15,0.0014222222222222136
2009-05-18,0.003195455352387633
2009-05-19,0.010794549637232365
2009-05-20,0.034663865546218586
2009-05-21,-0.018274111675126825
2009-05-22,0.011720096518441858
2009-05-26,0.005962521294718748
2009-05-27,0.03776460626587652
2009-05-28,0.035737597911227104
2009-05-29,0.023790767291633985
2009-06-01,0.024930747922437435
2009-06-02,0.016066066066066087
2009-06-03,-0.022461947687306028
2009-06-04,0.023129251700680253
2009-06-05,0.0013297872340423122
2009-06-08,-0.002360926663715457
2009-06-09,0.019671646206182558
2009-06-10,0.022918479837539918
2009-06-11,0.016874645490640994
2009-06-12,-0.015200111560451646
2009-06-15,-0.03016142735768923
2009-06-16,0.029639363410716824
2009-06-17,-0.0222631877481565
2009-06-18,0.014648295866569905
2009-06-19,0.007432818753573711
2009-06-22,-0.061719636776390585
2009-06-23,0.003477997882957773
2009-06-24,0.031796262808921005
2009-06-25,0.005111727763984053
2009-06-26,-0.01046207497820395
2009-06-29,0.02422907488986792
2009-06-30,-0.023512544802867352
2009-07-01,0.006019674056672919
2009-07-02,-0.04057209573847054
2009-07-06,-0.03985397018557957
2009-07-07,-0.025031685678073456
2009-07-08,-0.029736756581085433
2009-07-09,-0.009043711271143895
2009-07-10,-0.012506337671117196
2009-07-13,-0.0030806092760568005
2009-07-14,0.03828326180257502
2009-07-15,0.012731481481481621
2009-07-16,0.012571428571428678
2009-07-17,0.024508223153821174
2009-07-20,0.01731192949323268
2009-07-21,0.01995668316831689
2009-07-22,-0.008645533141210526
2009-07-23,0.04130966952264381
2009-07-24,0.011166617690273162
2009-07-27,0.01394943330427223
2009-07-28,-0.01791344224706215
2009-07-29,-0.0399824894206916
2009-07-30,0.04605563155494741
2009-07-31,0.018308631211856996
2009-08-03,0.04023972602739745
2009-08-04,0.01262002743484203
2009-08-05,0.0077214846924953395
2009-08-06,0.002957386745530366
2009-08-07,-0.005361211633829299
2009-08-10,-0.005659614607195662
2009-08-11,-0.029949857704296035
2009-08-12,0.0342274378317966
2009-08-13,-0.003647170066189309
2009-08-14,-0.03294468546637752
2009-08-17,-0.03757184915182943
2009-08-18,0.00014566642388924578
2009-08-19,0.06044276143314886
2009-08-20,0.012910314517236676
2009-08-21,-0.0005423728813560569
2009-08-24,0.008547008547008739
2009-08-25,-0.016680118375033803
2009-08-26,-0.03228454172366624
2009-08-27,-0.0008481764206953457
2009-08-28,0.029994340690435717
2009-08-31,-0.05192307692307696
2009-09-01,-0.003477252970153555
2009-09-02,-0.01715615004361748
2009-09-03,-0.01213017751479284
2009-09-04,-0.014076070679844177
2009-09-08,0.051032806804374164
2009-09-09,0.008092485549132888
2009-09-10,-0.01146788990825709
2009-09-11,-0.0029002320185612662
2009-09-14,-0.02690517742873777
2009-09-15,-0.005679270662083291
2009-09-16,0.02976101007064491
2009-09-17,0.044519048314114684
2009-09-18,-0.01173840134153159
2009-09-21,-0.03690610859728505
2009-09-22,0.022610483042137863
2009-09-23,-0.03187365398420672
2009-09-24,-0.03618567403232997
2009-09-25,-0.006000923218956733
2009-09-28,0.012848297213622573
2009-09-29,-0.012226807274950513
2009-09-30,0.01841250193408639
2009-10-01,0.019750835612275974
2009-10-02,-0.009237187127532853
2009-10-05,-0.018646616541353356
2009-10-06,0.04980079681274896
2009-10-07,-0.012552911983652049
2009-10-08,0.012121212121211977
2009-10-09,0.014312837739155926
2009-10-12,0.018718502519798452
2009-10-13,0.000848056537102515
2009-10-14,0.019065103798898475
2009-10-15,0.013580931263858176
2009-10-16,0.01968826907301069
2009-10-19,0.017162778224725228
2009-10-20,0.008568415502240967
2009-10-21,0.016076329891517416
2009-10-22,0.007975302289683572
2009-10-23,-0.008167432363450744
2009-10-26,-0.016340710241893874
2009-10-27,0.003139306736428926
2009-10-28,-0.020602425348806852
2009-10-29,0.027559579283717328
2009-10-30,-0.02941176470588247
2009-11-02,0.008677079161660828
2009-11-03,0.001588141874007576
2009-11-04,0.03343023255813926
2009-11-05,-0.0024293568597365534
2009-11-06,-0.03217123814406553
2009-11-09,0.022116275989935152
2009-11-10,-0.0014252396994041128
2009-11-11,-0.0010380173867912124
2009-11-12,-0.02350954669437577
2009-11-13,-0.004921521681298224
2009-11-16,0.031145568774227916
2009-11-17,0.0028519574799066305
2009-11-18,0.016546018614270963
2009-11-19,-0.02784842319430314
2009-11-20,-0.010987573577501686
2009-11-23,0.03346118238328266
2009-11-24,-0.03570514461223451
2009-11-25,0.01619110816191105
2009-11-27,-0.007444168734491274
2009-11-30,0.023289473684210416
2009-12-01,0.011701170117011772
2009-12-02,-0.021860701576004282
2009-12-03,0.010395010395010562
2009-12-04,-0.00025720164609066565
2009-12-07,-0.0200668896321069
2009-12-08,-0.016408506169598325
2009-12-09,-0.017349526224476275
2009-12-10,-0.036941464077142494
2009-12-11,-0.01184600197433372
2009-12-14,0.01598401598401611
2009-12-15,0.001966568338249708
2009-12-16,0.028178886863872155
2009-12-17,-0.028088355604035997
2009-12-18,0.008277216610550031
2009-12-21,0.012105189926255644
2009-12-22,-0.015122353588121973
2009-12-23,0.03112786152987157
2009-12-24,0.017327737917963937
2009-12-28,0.01916167664670665
2009-12-29,0.0007833920877400313
2009-12-30,0.012654924983692029
2009-12-31,0.003736150476681077
2010-01-04,0.014632268001540272
2010-01-05,0.00278304870335222
2010-01-06,0.010975148227576614
2010-01-07,0.005365610182181069
2010-01-08,-0.006329899466302469
2010-01-11,0.000999250562078391
2010-01-12,-0.009483404042924914
2010-01-13,-0.022801713277903812
2010-01-14,0.0005156632718834597
2010-01-15,-0.009792552506120433
2010-01-19,-0.021730644111906172
2010-01-20,-0.0011971268954509284
2010-01-21,-0.012784658409908167
2010-01-22,-0.01888574126534459
2010-01-25,-0.007562216416884371
2010-01-26,0.006234413965087171
2010-01-27,0.001652209830648621
2010-01-28,-0.028865979381443196
2010-01-29,0.007784854918612805
2010-02-01,0.005337078651685312
2010-02-02,0.03297010338083273
2010-02-03,0.024749797132810336
2010-02-04,-0.05899432493071133
2010-02-05,-0.016690042075736322
2010-02-08,-0.006989017258593577
2010-02-09,0.011203677104280496
2010-02-10,0.0
2010-02-11,0.027698863636363535
2010-02-12,-0.01188666205943334
2010-02-16,0.04657994125052456
2010-02-17,0.0009355787222669054
2010-02-18,0.02296701829349712
2010-02-19,0.003524344080407138
2010-02-22,0.0009105098855359817
2010-02-23,-0.006627680311890871
2010-02-24,0.0073260073260073
2010-02-25,-0.03402597402597407
2010-02-26,0.026620059155687104
2010-03-01,-0.0037977998952332115
2010-03-02,0.018798475088734223
2010-03-03,0.014967741935483891
2010-03-04,-0.009916094584286772
2010-03-05,0.016949152542373058
2010-03-08,-0.0032828282828283317
2010-03-09,-0.0021535343298707543
2010-03-10,0.019296686555795528
2010-03-11,-0.0105866234898494
2010-03-12,-0.0007552870090634656
2010-03-15,-0.028974552784076568
2010-03-16,0.03074727555786194
2010-03-17,0.01044682190056645
2010-03-18,-0.0023667164922770434
2010-03-19,-0.0214758396803596
2010-03-22,-0.003572795712645127
2010-03-23,0.013830195927775568
2010-03-24,-0.014399393709738528
2010-03-25,0.00781750608740217
2010-03-26,-0.008392675483214651
2010-03-29,0.024493459861502975
2010-03-30,-0.005382400801101639
2010-03-31,0.011452303045557555
2010-04-01,0.028119945253203715
2010-04-05,0.022388962846424
2010-04-06,0.00674715909090895
2010-04-07,-0.006584362139917754
2010-04-08,-0.022014439578648348
2010-04-09,0.0016942998910807194
2010-04-12,0.029479279932342672
2010-04-13,-0.020772209834526434
2010-04-14,0.02840364333652934
2010-04-15,0.012702482228178491
2010-04-16,-0.024050632911392422
2010-04-19,-0.020280627284518293
2010-04-20,0.019737633890961614
2010-04-21,-0.002124395137495627
2010-04-22,0.0003548196333531539
2010-04-23,0.017852920312130482
2010-04-26,0.007317923103728585
2010-04-27,-0.013030442804428
2010-04-28,-0.011683607898118953
2010-04-29,0.02636245419080252
2010-04-30,-0.007256392536281964
2010-05-03,0.02204432068685458
2010-05-04,-0.030650471109093025
2010-05-05,-0.03606979740016392
2010-05-06,-0.025513303365326312
2010-05-07,-0.04650292980925064
2010-05-10,0.02092050209205021
2010-05-11,0.011782786885246033
2010-05-12,-0.003797468354430289
2010-05-13,0.009021601016518277
2010-05-14,-0.03752675985392251
2010-05-17,-0.03349470103362562
2010-05-18,0.016921619060511706
2010-05-19,-0.043397231096911626
2010-05-20,-0.03200667965488446
2010-05-21,0.012794709603220156
2010-05-24,-0.011781405251951704
2010-05-25,-0.035047400172364185
2010-05-26,0.0507591545102708
2010-05-27,0.04207394815129617
2010-05-28,-0.0076128330614464446
2010-06-01,0.0010958904109588108
2010-06-02,-0.004105090311986803
2010-06-03,0.004671613080516668
2010-06-04,-0.01750547045951867
2010-06-07,-0.010439866369710504
2010-06-08,0.00478266985511322
2010-06-09,0.03149937001259984
2010-06-10,0.008821932681867484
2010-06-11,-0.014126193999730918
2010-06-14,0.02497270742358082
2010-06-15,0.002396485155105932
2010-06-16,0.011024040377208166
2010-06-17,0.018392012611665676
2010-06-18,-0.006062951496388025
2010-06-21,0.019208306294614008
2010-06-22,-0.0057302941550999575
2010-06-23,-0.036629098360655754
2010-06-24,-0.0006647168306300744
2010-06-25,0.01383530663828636
2010-06-28,0.005904736911166442
2010-06-29,-0.03195930080876597
2010-06-30,0.009836949198221312
2010-07-01,-0.04283426741393104
2010-07-02,0.00027882336539786223
2010-07-06,0.018536585365853675
2010-07-07,-0.0015051997810618944
2010-07-08,0.021789776620529056
2010-07-09,0.008583690987124415
2010-07-12,-0.011303191489361764
2010-07-13,0.02824478816408882
2010-07-14,0.002354480052321639
2010-07-15,-0.014485188568445717
2010-07-16,0.0003972457627119397
2010-07-19,0.00979483785572488
2010-07-20,0.0002621575566914558
2010-07-21,-0.007338487747346356
2010-07-22,0.024290429042904238
2010-07-23,-0.004124242814795842
2010-07-26,0.00815322893749193
2010-07-27,-0.030551989730423723
2010-07-28,0.015095338983050821
2010-07-29,0.025306548395512607
2010-07-30,-0.013994910941475758
2010-08-02,0.05716129032258066
2010-08-03,0.020383253997314554
2010-08-04,0.001913875598086312
2010-08-05,-0.010267430754536733
2010-08-06,-0.019541616405307605
2010-08-09,0.003198818897637956
2010-08-10,-0.02023546725533487
2010-08-11,-0.0257854550006259
2010-08-12,-0.01541821919568298
2010-08-13,-0.019444081952238013
2010-08-16,-0.007718924673941974
2010-08-17,0.02923819742489253
2010-08-18,-0.021370862653114386
2010-08-19,-0.0034620505992009054
2010-08-20,-0.018172100481026132
2010-08-23,-0.00544365813826897
2010-08-24,-0.033798576902025146
2010-08-25,0.0018410989944765976
2010-08-26,0.05315238903025166
2010-08-27,0.008859060402684582
2010-08-30,0.011841405002660954
2010-08-31,-0.007100591715976212
2010-09-01,0.0002648655807178102
2010-09-02,-0.007943863365550086
2010-09-03,0.0013345789403442776
2010-09-07,0.009996001599360316
2010-09-08,0.022433359725521296
2010-09-09,0.005033557046979942
2010-09-10,-0.004237832284576859
2010-09-13,0.012638638122259405
2010-09-14,0.004712175241976535
2010-09-15,-0.0054506274559513734
2010-09-16,0.005480499617639634
2010-09-17,-0.018506781594625377
2010-09-20,0.025700632829652514
2010-09-21,-0.008310249307479145
2010-09-22,-0.018664296597257435
2010-09-23,0.0051753137533960825
2010-09-24,0.013386536233749524
2010-09-27,-0.012955671281595471
2010-09-28,0.018401750096512792
2010-09-29,-0.004422542330047907
2010-09-30,0.025130092651351577
2010-10-01,0.02377120217902684
2010-10-04,0.008828153343814371
2010-10-05,-0.0008391273076001626
2010-10-06,0.01991601679664079
2010-10-07,-0.015762851429243607
2010-10-08,0.002509860164933597
2010-10-11,-0.009537434430138214
2010-10-12,-0.0010832932113625793
2010-10-13,0.01229063742619596
2010-10-14,-0.005475538626354082
2010-10-15,-0.01926989826451231
2010-10-18,0.004393458628264568
2010-10-19,-0.014337788578371757
2010-10-20,0.006903353057199135
2010-10-21,-0.004897159647404559
2010-10-22,-0.006520669291338543
2010-10-25,0.014365325077399405
2010-10-26,0.008668050299108776
2010-10-27,-0.016339869281045805
2010-10-28,0.02091792789467206
2010-10-29,-0.006026274557068834
2010-11-01,0.019279738086577014
2010-11-02,0.007732571972400626
2010-11-03,0.007319088655412642
2010-11-04,0.017578811672330996
2010-11-05,0.002533686513877642
2010-11-08,0.0011487650775416913
2010-11-09,0.00895008605851988
2010-11-10,-0.00011372682815879998
2010-11-11,0.0018198362147405778
2010-11-12,-0.02282016348773852
2010-11-15,-0.0067387010572789174
2010-11-16,-0.017662884547900215
2010-11-17,-0.00738271016908798
2010-11-18,0.004078694817658324
2010-11-19,-0.006332138590203096
2010-11-22,-0.009979559937477456
2010-11-23,0.0003643429681807753
2010-11-24,0.02622313949253363
2010-11-26,0.0029575298710518005
2010-11-29,0.013210662892191527
2010-11-30,0.0013969732246796873
2010-12-01,0.02952801674029293
2010-12-02,0.009146341463414753
2010-12-03,0.014322479579277125
2010-12-06,0.006618863761720828
2010-12-07,-0.005150684931506833
2010-12-08,-0.011456267900418649
2010-12-09,0.002117227546244882
2010-12-10,-0.004336706327143336
2010-12-13,0.009604645968282366
2010-12-14,0.002544247787610532
2010-12-15,0.007723711795211363
2010-12-16,-0.002627833132596069
2010-12-17,0.00021956306949166837
2010-12-20,0.002195148721325868
2010-12-21,0.01971306538166684
2010-12-22,0.004725593384169224
2010-12-23,0.00085515766969535
2010-12-27,-0.005874185624265671
2010-12-28,0.004727116458959957
2010-12-29,0.0
2010-12-30,-0.010906757912745868
2010-12-31,0.007891891891891989
2011-01-03,0.027780757266973932
2011-01-04,-0.024003339595074058
2011-01-05,0.01657399486740796
2011-01-06,-0.001262227832123597
2011-01-07,-0.007372301211163834
2011-01-10,0.008488063660477385
2011-01-11,0.018411362440820644
2011-01-12,0.01095041322314061
2011-01-13,0.0
2011-01-14,0.0
2011-01-18,-0.0003065603923972926
2011-01-19,0.0060308698763160695
2011-01-20,-0.02184515342410087
2011-01-21,0.005920847616079916
2011-01-24,-0.0008261049153241995
2011-01-25,0.0
2011-01-26,-0.007441091360066099
2011-01-27,0.004581424406497225
2011-01-28,0.006011608623548881
2011-01-31,0.01967854935091684
2011-02-01,0.014448822875618994
2011-02-02,0.008964143426294813
2011-02-03,0.003849950641658495
2011-02-04,-0.022224407513029676
2011-02-07,0.00010057326762535901
2011-02-08,-0.0019106999195495078
2011-02-09,0.009168765743073015
2011-02-10,0.005790734824281163
2011-02-11,-0.008040500297796238
2011-02-14,0.03192234564194929
2011-02-15,-0.006206361520558534
2011-02-16,0.0029274004683841337
2011-02-17,0.006518777972368106
2011-02-18,-0.012083131947800863
2011-02-22,0.045205479452054664
2011-02-23,0.02761655120763895
2011-02-24,0.03771522273845318
2011-02-25,-0.021420419629532117
2011-02-28,0.00717681887503363
2011-03-01,0.009530595884920334
2011-03-02,0.03132168695959048
2011-03-03,-0.02113097784241591
2011-03-04,0.01127425275301519
2011-03-07,0.007518796992481258
2011-03-08,-0.036541430777148776
2011-03-09,0.025551994301994396
2011-03-10,-0.009723066238388811
2011-03-11,0.0
2011-03-14,-0.009818532480056041
2011-03-15,-0.016290393979637052
2011-03-16,-0.0013500135001350833
2011-03-17,0.02901946647440523
2011-03-18,-0.0004379050621826641
2011-03-21,0.006921931131166348
2011-03-22,0.0061782109293420095
2011-03-23,0.00017296549338419176
2011-03-24,-0.002075226977950817
2011-03-25,0.00034659041677498337
2011-03-28,0.004330879168471302
2011-03-29,-0.003191030616645163
2011-03-30,-0.001989963661533145
2011-03-31,0.013784135240572093
2011-04-01,0.014451855652471313
2011-04-04,0.012138582146168808
2011-04-05,0.02331973015740818
2011-04-06,0.0011394156425490465
2011-04-07,-0.0008942362409559701
2011-04-08,0.02766476810414975
2011-04-11,0.0012668250197940267
2011-04-12,-0.04056618693658065
2011-04-13,0.011291518997774697
2011-04-14,0.00032599837000812926
2011-04-15,0.015398403128564553
2011-04-18,-0.023589825884618443
2011-04-19,-0.002793984715260156
2011-04-20,0.023980222496909898
2011-04-21,-0.004989538065346855
2011-04-26,0.007360077644775087
2011-04-27,0.0031312725812926434
2011-04-28,0.0132063390427406
2011-05-02,0.0003949759064696412
2011-05-03,-0.020767530006317036
2011-05-04,-0.019837109910491146
2011-05-05,-0.07914438502673793
2011-05-06,0.015724113285088714
2011-05-09,-0.004222007212595691
2011-05-10,0.04072078438300508
2011-05-11,-0.01833305041588862
2011-05-12,-0.024122427805637114
2011-05-13,0.0018605475325594867
2011-05-16,0.0056597099398656425
2011-05-17,-0.03807597608160396
2011-05-18,0.028796050827315067
2011-05-19,0.005864581482139641
2011-05-20,-0.017226148409894004
2011-05-23,-0.010067415730337093
2011-05-24,0.021701625351856935
2011-05-25,0.01733025239957353
2011-05-26,0.005154188870446497
2011-05-27,-0.0018251347123240391
2011-05-31,0.02028733130169802
2011-06-01,-0.008789895886670118
2011-06-02,-0.01592767972449427
2011-06-03,0.006911636045494385
2011-06-06,0.0026935441828135342
2011-06-07,0.006412478336221827
2011-06-08,0.019717582228345076
2011-06-09,0.012834585831292822
2011-06-10,-0.010337640683618199
2011-06-13,0.014994524471400927
2011-06-14,-0.0011619221512159106
2011-06-15,-0.047195679268799307
2011-06-16,0.00017441353449032526
2011-06-17,-0.008283198186415541
2011-06-20,-0.0134517320203974
2011-06-21,-0.0016932537207022813
2011-06-22,0.01401535440099999
2011-06-23,-0.046835108724359586
2011-06-24,-0.03214186755333881
2011-06-27,-0.0020994369691765824
2011-06-28,0.02868891651525285
2011-06-29,0.03644138700381139
2011-06-30,0.00197327114539414
2011-07-01,-0.01691880762689102
2011-07-05,0.030868694226916737
2011-07-06,0.003003268262520953
2011-07-07,0.03390576838397186
2011-07-08,0.0
2011-07-11,-0.00042589437819429143
2011-07-12,8.52151682999569e-05
2011-07-13,0.009372869802317663
2011-07-14,-0.009117001519500234
2011-07-15,0.005793150451524953
2011-07-18,-0.008554972048111176
2011-07-19,0.009653994019649836
2011-07-20,0.0028769673379589467
2011-07-21,-0.0022780965237934048
2011-07-22,0.006257928118393208
2011-07-25,-0.006050928649466325
2011-07-26,-0.0010991798427326671
2011-07-27,-0.0012696800406297726
2011-07-28,0.0014408000678023392
2011-07-29,-0.018872714962762216
2011-08-01,0.0037953937721038056
2011-08-02,-0.0030076480192490207
2011-08-03,-0.01965178417514224
2011-08-04,-0.030947775628626606
2011-08-05,-0.029940119760479056
2011-08-08,-0.03610175832398055
2011-08-09,0.005530758781292278
2011-08-10,0.0020264402200136367
2011-08-11,0.03832819722650216
2011-08-12,0.0032461509923948917
2011-08-15,0.00665618933160772
2011-08-16,0.0073468638075120385
2011-08-17,0.015315890236120122
2011-08-18,-0.027027027027027084
2011-08-19,0.009320782576596631
2011-08-22,-0.004937368565420153
2011-08-23,0.013966737112928396
2011-08-24,0.014136837335749997
2011-08-25,0.0
2011-08-26,0.00339558573853993
2011-08-30,0.029388191290408816
2011-08-31,0.007699627995501279
2011-09-01,-0.0004292582417582125
2011-09-02,-0.004380314351971171
2011-09-06,-0.02268806073153895
2011-09-07,0.03716126754347249
2011-09-08,0.004170212765957304
2011-09-09,-0.0244936011526401
2011-09-12,-0.003040834057341346
2011-09-13,-0.005838779956427009
2011-09-14,-0.00859046283309961
2011-09-15,0.03191865605658717
2011-09-16,-0.003855710736012208
2011-09-19,-0.02898675382762772
2011-09-20,0.01328727079457881
2011-09-21,-0.0011364629775330037
2011-09-22,-0.044197444424995735
2011-09-23,-0.000366266825382211
2011-09-26,-0.011633232573051155
2011-09-27,0.015199258572752505
2011-09-28,-0.009311666970969634
2011-09-29,-0.013269443420567573
2011-09-30,-0.01550242809114677
2011-10-03,-0.017169417567823975
2011-10-04,-0.017083293118424825
2011-10-05,0.018951296150824692
2011-10-06,0.005878384889659749
2011-10-07,0.020885227054991518
2011-10-10,0.027496246246246248
2011-10-11,-0.002465978628185206
2011-10-12,0.029481779893792304
2011-10-13,8.893632159368003e-05
2011-10-14,0.016718541574032963
2011-10-17,-0.01233272107058514
2011-10-18,-0.007438894792773709
2011-10-19,-0.002855103497501732
2011-10-20,-0.02469577666428069
2011-10-21,0.023853211009174258
2011-10-24,0.0006272401433693453
2011-10-25,0.003940180890122713
2011-10-26,-0.014985282312014903
2011-10-27,0.018292130761568437
2011-10-28,-0.021698532681191596
2011-10-31,-0.01436233069720938
2011-11-01,-0.013464908235728212
2011-11-02,0.03599139945779184
2011-11-03,-0.0005414185165131258
2011-11-04,0.013181654026724443
2011-11-07,0.02254500089110678
2011-11-08,0.00749455337690641
2011-11-09,-0.0027679266499437416
2011-11-10,-0.01708734495619757
2011-11-11,0.0097952700317685
2011-11-14,-0.016254478720615362
2011-11-15,-0.005951852180865136
2011-11-16,8.936550491500661e-05
2011-11-17,-0.02376910016977929
2011-11-18,-0.013089244851258619
2011-11-21,-0.01706547950287507
2011-11-22,0.01688997924136615
2011-11-23,-0.008722278927345228
2011-11-25,-0.007020499859589968
2011-11-28,0.031108597285067763
2011-11-29,0.017096361309197228
2011-11-30,-0.0002696629213483348
2011-12-01,-0.02148894083797881
2011-12-02,0.006983368556464198
2011-12-05,0.005383702892599818
2011-12-06,-0.0001815211472137035
2011-12-07,-0.0008169934640522847
2011-12-08,-0.01671663486871977
2011-12-09,-0.0029566663586806374
2011-12-12,-0.0008340283569642226
2011-12-13,0.013262845483212882
2011-12-14,-0.03231121281464533
2011-12-15,-0.011350737797956922
2011-12-16,-0.00497512437810943
2011-12-19,0.005288461538461409
2011-12-20,0.031085604973696723
2011-12-21,0.0018552875695732052
2011-12-22,0.009074074074074012
2011-12-23,0.0027527986786566316
2011-12-28,-0.015922401171303058
2011-12-29,-0.006044262599962824
2011-12-30,0.011226494527083908
2012-01-03,0.028032195392728276
2012-01-04,0.020248380129589627
2012-01-05,0.001940548646026219
2012-01-06,-0.014349854740734358
2012-01-09,-0.007949267595569798
2012-01-10,0.02007742864860007
2012-01-11,-0.014474845542806758
2012-01-12,0.011732043704101747
2012-01-13,-0.027352394441002015
2012-01-17,0.0060975609756097615
2012-01-18,-0.006693803708729074
2012-01-19,-0.002458792459703041
2012-01-20,-0.00949424867628268
2012-01-23,0.008847926267281148
2012-01-24,-0.009866617942627443
2012-01-25,0.0009226794611552069
2012-01-26,0.005530973451327359
2012-01-27,0.013017968463512997
2012-01-30,-0.0023529411764706687
2012-01-31,0.00018142235123375094
2012-02-01,0.015418102666424627
2012-02-02,-0.008931761343336952
2012-02-03,0.014419610670511895
2012-02-06,0.02585287846481865
2012-02-07,0.012037758725210068
2012-02-08,0.0027383193564949337
2012-02-09,0.010411332991978162
2012-02-10,-0.002280405405405528
2012-02-13,0.005079150088885154
2012-02-14,-0.0036216625958056525
2012-02-15,0.016483516483516425
2012-02-16,0.006237006237006293
2012-02-17,-0.0025619834710743916
2012-02-21,0.001325710497970034
2012-02-22,0.01836988001654949
2012-02-23,0.011863167303160838
2012-02-24,0.0028908696699589953
2012-02-27,0.01257106253503082
2012-02-28,-0.019294638620907745
2012-02-29,-0.01443315594258987
2012-03-01,0.028879980364885816
2012-03-02,0.0013517811704835125
2012-03-05,0.005955689668863728
2012-03-06,-0.013024944742658695
2012-03-07,0.002719347356634483
2012-03-08,0.020658849804578328
2012-03-09,0.0009377930603315932
2012-03-12,-0.006324172392255023
2012-03-13,0.00683586076844489
2012-03-14,-0.00905259872014974
2012-03-15,-0.02638210741849112
2012-03-16,0.011809431367791001
2012-03-19,0.00535614357662495
2012-03-20,-0.0109732824427482
2012-03-21,-0.003939540118990115
2012-03-22,-0.011300347082089046
2012-03-23,0.02220589435872311
2012-03-26,0.005111412826451556
2012-03-27,-0.004767580452920139
2012-03-28,-0.006706586826347283
2012-03-29,-0.00948476810545773
2012-03-30,0.0014606832751764554
2012-04-02,0.008346163195851242
2012-04-04,-0.011250401800064203
2012-04-05,0.004388816644993465
2012-04-10,-0.013675351998705287
2012-04-11,-0.012142095331856617
2012-04-12,0.0013287932895937882
2012-04-13,0.0004146968565978959
2012-04-16,-0.019814292820427792
2012-04-17,-0.0069356339338577655
2012-04-18,-0.018993271441955506
2012-04-19,0.015801354401805856
2012-04-20,0.009230769230769154
2012-04-23,-0.012025745257452591
2012-04-24,0.009257671866963912
2012-04-25,-0.0024630541871920597
2012-04-26,0.01600681140911031
2012-04-27,-0.00025140367049358847
2012-04-30,-0.005364626990779553
2012-05-01,0.007668970166863298
2012-05-02,-0.01672660366312617
2012-05-03,-0.014119248107510418
2012-05-04,-0.03666637908722281
2012-05-08,-0.010567795092244259
2012-05-09,0.012762490948587946
2012-05-10,0.0031280722137814188
2012-05-11,0.002316464718460587
2012-05-14,-0.015199999999999991
2012-05-15,0.005505912085928433
2012-05-16,-0.014362657091562037
2012-05-17,-0.004462659380692124
2012-05-18,-0.011709816119293781
2012-05-21,0.009164121077478438
2012-05-22,0.006787745367822451
2012-05-23,-0.026239067055393694
2012-05-24,0.0029940119760478723
2012-05-25,0.0061567164179103795
2012-05-29,-0.0028740960504357593
2012-05-30,-0.03440260344026036
2012-05-31,9.62927298988614e-05
2012-06-01,-0.05035624879645684
2012-06-04,-0.00902362364392173
2012-06-05,0.00931041538776367
2012-06-06,0.025240750126710454
2012-06-07,-0.010777140597192036
2012-06-08,-0.024787606196901568
2012-06-11,0.010556523521574324
2012-06-12,-0.020385395537525275
2012-06-13,0.007247127031783762
2012-06-14,-0.0085311953952103
2012-06-15,0.006945884304374816
2012-06-18,-0.01976732214557808
2012-06-19,-0.0007352168889821487
2012-06-20,-0.017237754887534207
2012-06-21,-0.04577540106951872
2012-06-22,0.0
2012-06-25,-0.00594037211387588
2012-06-26,0.01691284248506042
2012-06-27,0.02073400598735997
2012-06-28,-0.011296980230284692
2012-06-29,0.03460777851021768
2012-07-02,0.011787193373685945
2012-07-03,0.048383711167086396
2012-07-05,0.01651816998698563
2012-07-06,-0.02993894031908617
2012-07-09,0.014619289340101593
2012-07-10,-0.007904742845707302
2012-07-11,0.0008068582955118586
2012-07-12,-0.0005038798750377493
2012-07-13,0.02752571082879607
2012-07-16,0.0018643901481698588
2012-07-17,0.020666013712046905
2012-07-18,0.016409173783705988
2012-07-19,0.017654833836858064
2012-07-20,-0.0075146117450598515
2012-07-23,-0.02869695270143957
2012-07-24,-0.0032720623616591116
2012-07-25,-0.011779472820314774
2012-07-26,0.023644357596482646
2012-07-27,0.014603417008685726
2012-07-30,0.002257761053621854
2012-07-31,-0.005725549089543813
2012-08-01,0.008024166902671492
2012-08-02,0.007211088218767481
2012-08-03,0.01878196187819614
2012-08-06,0.0040156977274803385
2012-08-07,0.021634396873011497
2012-08-08,0.009164516416051205
2012-08-09,0.0008816787162757578
2012-08-10,-0.003435517970401647
2012-08-13,0.011933174224343812
2012-08-14,-0.005066387141858808
2012-08-15,0.01413520632133447
2012-08-16,0.005280928058176704
2012-08-17,-0.007922838442990021
2012-08-20,0.0026041666666667407
2012-08-21,0.004588744588744698
2012-08-22,-0.0022407997931569446
2012-08-23,0.014511531484840745
2012-08-24,-0.014389101745423516
2012-08-27,-0.017449896337249582
2012-08-28,-0.00984701951819933
2012-08-29,-0.0007991475759190347
2012-08-30,-0.0022216297876122004
2012-08-31,0.014695404346277252
2012-09-04,0.009216185376985875
2012-09-05,-0.014437293442337906
2012-09-06,0.01041298976350169
2012-09-07,-0.007510917030567721
2012-09-10,0.0017599436818021008
2012-09-11,0.008959943780744828
2012-09-12,0.0
2012-09-13,0.009925126240640791
2012-09-14,0.012758620689655276
2012-09-17,-0.006639427987742641
2012-09-18,-0.02922022279348757
2012-09-19,-0.04236914114220158
2012-09-20,0.008480044243709184
2012-09-21,0.0170002741979709
2012-09-24,-0.01860339714208681
2012-09-25,0.014377289377289326
2012-09-26,-0.01606933285185519
2012-09-27,0.02257087806220759
2012-09-28,-0.0008075370121131131
2012-10-01,0.010955459770114917
2012-10-02,-0.0007994315153668774
2012-10-03,-0.028180282691794845
2012-10-04,0.010611050128064514
2012-10-05,0.015296886314265068
2012-10-08,0.003833467058928397
2012-10-09,0.015275310834813594
2012-10-10,0.015657802659202247
2012-10-11,0.0006028765825509819
2012-10-12,-0.008693406782578794
2012-10-15,-0.001476078839975692
2012-10-16,0.0
2012-10-17,-0.01313043478260878
2012-10-18,-0.008018327605956443
2012-10-19,-0.006128974951145838
2012-10-22,-0.020287782643667818
2012-10-23,-0.019065863893450108
2012-10-24,0.0012089649400166547
2012-10-25,-0.00018577001671926663
2012-10-26,0.0117056856187292
2012-10-29,0.003948576675849358
2012-10-30,0.0006402634226654325
2012-10-31,0.004478976234003618
2012-11-01,-0.009555009555009542
2012-11-02,-0.018834987137081982
2012-11-05,-0.011237007210412986
2012-11-06,0.03485178520693233
2012-11-07,-0.00970074128306031
2012-11-08,-0.00905646428241369
2012-11-09,0.012869532780005466
2012-11-12,0.014915753613847782
2012-11-13,-0.012791436088179342
2012-11-14,0.007719169270354653
2012-11-15,0.003738829108152375
2012-11-16,-0.02961751612610153
2012-11-19,0.030427862559685437
2012-11-20,-0.0004542976558240541
2012-11-21,0.0072720661758021166
2012-11-23,-0.006046385705261281
2012-11-26,0.0003631741420011547
2012-11-27,-0.0077146487565802335
2012-11-28,-0.009786883746455644
2012-11-29,0.02041381858488811
2012-11-30,0.0033493256087626655
2012-12-03,0.0038794658967880036
2012-12-04,-0.011503549923609246
2012-12-05,-0.009364487680698308
2012-12-06,-0.0087187958883993
2012-12-07,-0.007869641699842722
2012-12-10,0.010171705860395619
2012-12-11,-0.006004618937644368
2012-12-12,0.023884758364312253
2012-12-13,9.076881183633922e-05
2012-12-14,-0.008168451624614326
2012-12-17,0.0006405563689604321
2012-12-18,0.005578417924096968
2012-12-19,-9.094216078564532e-05
2012-12-20,0.005638926784902187
2012-12-21,-0.013023424075246481
2012-12-24,-0.006322734353523263
2012-12-26,0.021025451862781264
2012-12-27,-0.006141618497109813
2012-12-28,9.087604507440616e-05
2012-12-31,0.0068150840527032575
2013-01-02,0.01967509025270764
2013-01-03,0.0004425562046379561
2013-01-04,-0.003981243917544064
2013-01-07,-0.0007994315153668774
2013-01-08,0.004800426704596017
2013-01-09,0.000353888348226139
2013-01-10,-0.0008844078889183038
2013-01-11,-0.023634593254846403
2013-01-14,0.009247506799637373
2013-01-15,0.0035932446999640266
2013-01-16,-0.006713211600429592
2013-01-17,0.00036045778138249496
2013-01-18,0.006305738221781709
2013-01-22,0.009041267567809541
2013-01-23,0.008516678495386953
2013-01-24,0.008004926108374333
2013-01-25,-0.006196003141635487
2013-01-28,0.00035124692658938805
2013-01-29,0.011411516853932602
2013-01-30,0.0017358097552508944
2013-01-31,0.0011263212614798235
2013-02-01,0.0
2013-02-04,0.004413673734314116
2013-02-05,0.008357745993451626
2013-02-06,-0.0035888233786208756
2013-02-07,0.004802332561529843
2013-02-08,0.014764871554152181
2013-02-11,-0.005130361648444048
2013-02-12,-0.003381519993236992
2013-02-13,0.004580541182458209
2013-02-14,0.000422190323397853
2013-02-15,-0.009115462525320694
2013-02-19,-0.003066439522998343
2013-02-20,-0.006920710868079327
2013-02-21,-0.01755140669362476
2013-02-22,-0.003940800420352053
2013-02-25,0.007121505187269284
2013-02-26,-0.013880401571366274
2013-02-27,-0.006373937677053854
2013-02-28,-0.0003563791874553468
2013-03-01,-0.018360071301247838
2013-03-04,-0.0021790448520064842
2013-03-05,0.004731574158325813
2013-03-06,-0.0013584495562398713
2013-03-07,0.0013602974517095134
2013-03-08,-0.013675058866147505
2013-03-11,-0.002479111192727923
2013-03-12,-0.0014727540500736325
2013-03-13,-0.008941740412979349
2013-03-14,0.005487861594270171
2013-03-15,0.01128584643848285
2013-03-18,-0.007135016465422472
2013-03-19,-0.01501750506725641
2013-03-20,0.01272098026377333
2013-03-21,-0.017179274037129377
2013-03-22,0.0009397613006296712
2013-03-25,0.0014083184677493588
2013-03-26,0.0041252578286141706
2013-03-27,0.013165266106442752
2013-03-28,-0.00046078702423746343
2013-04-01,0.002765996680804017
2013-04-02,0.008275101140124974
2013-04-03,-0.016779135509757515
2013-04-04,-0.025319977740678845
2013-04-05,-0.010562375107051047
2013-04-08,-0.007886131948451669
2013-04-09,0.00891818534315636
2013-04-10,0.006917755572636519
2013-04-11,-0.01125954198473278
2013-04-12,-0.02933796564369817
2013-04-15,-0.012527341419765414
2013-04-16,-0.014498590414820711
2013-04-17,-0.010625255414793533
2013-04-18,0.00660883932259404
2013-04-19,0.014977431267952257
2013-04-22,0.001313927632908829
2013-04-23,0.0018168971434340264
2013-04-24,0.01471032745591927
2013-04-25,0.009035845496971673
2013-04-26,0.007577248573115591
2013-04-29,0.004785623596054167
2013-04-30,-0.013122083981337407
2013-05-01,-0.031419284940411685
2013-05-02,0.020134228187919323
2013-05-03,0.04266347687400329
2013-05-06,0.003824091778202643
2013-05-07,0.0017142857142857792
2013-05-08,-0.013215440197756223
2013-05-09,-0.0019269679159842346
2013-05-10,-0.022009846510280928
2013-05-13,0.00848879676241232
2013-05-14,0.005187432710188844
2013-05-15,-0.011002921129503518
2013-05-16,0.02658265235797974
2013-05-17,-0.004219813944566941
2013-05-20,0.006934412019647507
2013-05-21,-0.013868962219033998
2013-05-22,-0.009311348205625514
2013-05-23,-0.016448012531819156
2013-05-24,0.007764284292255619
2013-05-28,0.02499012248123278
2013-05-29,-0.015707815360894273
2013-05-30,-0.0034266692774622687
2013-05-31,-0.013360840947047814
2013-06-03,0.01194862093000082
2013-06-04,0.0040342418577192785
2013-06-05,0.01440611524892188
2013-06-06,-0.001352526325958836
2013-06-07,0.006771790654928722
2013-06-10,-0.0019217834150090374
2013-06-11,-0.022816982766920235
2013-06-12,0.01586206896551734
2013-06-13,0.0026185627000290257
2013-06-14,0.016637647514025966
2013-06-17,0.006660323501427312
2013-06-18,-0.005576559546313864
2013-06-19,0.003326679973386648
2013-06-20,-0.02690413035240624
2013-06-21,-0.0229750778816199
2013-06-24,-0.005579912315663682
2013-06-25,0.017134268537074338
2013-06-26,-0.008767609102551477
2013-06-27,0.02106936990657915
2013-06-28,-0.002433326844461736
2013-07-01,0.006829934627768486
2013-07-02,0.007461963368543323
2013-07-03,0.02077722200846499
2013-07-05,0.012627214474180137
2013-07-08,0.0026986785780755973
2013-07-09,0.0013921113689094877
2013-07-10,0.004911955514365074
2013-07-11,-0.0023056349718713065
2013-07-12,0.007857274912183243
2013-07-15,0.00018343575162793613
2013-07-16,0.0022008253094911723
2013-07-17,0.0034769878305425106
2013-07-18,0.00036473055530228393
2013-07-19,-0.003372527572691575
2013-07-22,-0.004755807572709103
2013-07-23,0.004135269251975826
2013-07-24,-0.009517708428662841
2013-07-25,-0.0012011457082140575
2013-07-26,-0.00490286771507864
2013-07-29,0.0049270242632704075
2013-07-30,-0.005827937095282065
2013-07-31,0.003908067367637491
2013-08-01,0.019000834182964166
2013-08-02,-0.002819719847189428
2013-08-05,0.001641886344978527
2013-08-06,-0.009470904289226922
2013-08-07,-0.00349361037050655
2013-08-08,-0.009871759387397483
2013-08-09,0.010901975400670949
2013-08-12,0.00728177712231548
2013-08-13,0.012902635431917941
2013-08-14,-0.003884723100550991
2013-08-15,0.011971703246870913
2013-08-16,0.0021509231044989363
2013-08-19,-0.003666607047039805
2013-08-20,-0.0060138228166233265
2013-08-21,0.0007224128589489176
2013-08-22,-0.0027973290019850383
2013-08-23,0.014568817301601644
2013-08-26,0.000981091687477731
2013-08-27,0.02655261516528551
2013-08-28,0.009200590226542849
2013-08-29,0.005504429345488893
2013-08-30,-0.008040372936446771
2013-09-03,-0.004139001465896408
2013-09-04,0.001385401333448888
2013-09-05,0.0013834846519671373
2013-09-06,0.011570676107417244
2013-09-09,-0.016645326504481472
2013-09-10,-0.02690972222222232
2013-09-11,0.0024085637823372252
2013-09-12,0.00658538755895699
2013-09-13,0.0017681902572717068
2013-09-16,-0.021622098667372747
2013-09-17,-0.01632689879126825
2013-09-18,0.0003668042182485287
2013-09-19,0.01439178659822149
2013-09-20,-0.003976143141153021
2013-09-23,-0.01506078751587736
2013-09-24,-0.008106116433308719
2013-09-25,0.016530460624071264
2013-09-26,-0.005481454412570752
2013-09-27,0.005419805254455401
2013-09-30,-0.014618547281863958
2013-10-01,-0.004914232730644397
2013-10-02,0.01649273201639967
2013-10-03,0.0036666972224768113
2013-10-04,-0.0006393277924924279
2013-10-07,0.002193383293730422
2013-10-08,0.008207185847163956
2013-10-09,-0.013929088277858215
2013-10-10,0.023940561364887092
2013-10-11,-0.00877900206037796
2013-10-14,-0.004699502937189459
2013-10-15,0.004903296104603605
2013-10-16,0.0010843046896178432
2013-10-17,-0.011192345879592058
2013-10-18,-0.001369237790962985
2013-10-21,0.0006398537477148025
2013-10-22,0.0009134922809901358
2013-10-23,-0.016701651912019666
2013-10-24,-0.010302580285873386
2013-10-25,-0.008721748100909643
2013-10-28,0.024503311258278204
2013-10-29,-0.002308615753993881
2013-10-30,0.003424657534246478
2013-10-31,-0.008117332349414252
2013-11-01,-0.016274528038686897
2013-11-04,-0.008791832104367625
2013-11-05,0.001525989508822212
2013-11-06,0.004285306161317948
2013-11-07,-0.022567798217333568
2013-11-08,0.011738455568490513
2013-11-11,0.014095311151596457
2013-11-12,0.00501134644478074
2013-11-13,0.005739015899896449
2013-11-14,0.013002806361085195
2013-11-15,-0.0003693785206391187
2013-11-18,0.005080831408776021
2013-11-19,-0.004687499999999956
2013-11-20,-0.00018468926031955935
2013-11-21,0.015054955204581333
2013-11-22,0.013284804367606817
2013-11-25,-0.004759339080459779
2013-11-26,0.01091762158260412
2013-11-27,-0.006426276329882352
2013-11-29,-0.002245777937477489
2013-12-02,0.0037813991176736117
2013-12-03,0.014081980446676967
2013-12-04,0.0018574208384927182
2013-12-05,-0.010594155557517415
2013-12-06,-0.005086106897474685
2013-12-09,-0.012825112107623382
2013-12-10,-0.010538748069410353
2013-12-11,0.0051418602515838074
2013-12-12,-0.004384762948753118
2013-12-13,-0.008349389852279954
2013-12-16,0.02054034048852693
2013-12-17,-0.012601994560290097
2013-12-18,0.005968230649159967
2013-12-19,0.011135450894486976
2013-12-20,0.012366853222603336
2013-12-23,-0.005082478823004943
2013-12-24,-8.962179602078901e-05
2013-12-26,0.0007170386304562459
2013-12-27,0.0036721898790863516
2013-12-30,-0.014188827413885496
2013-12-31,-0.004707160315017611
2014-01-02,-0.01828103683492499
2014-01-03,-0.012692236427645054
2014-01-06,0.0013136905320447756
2014-01-07,0.002811357885859067
2014-01-08,0.003831417624521105
2014-01-09,0.000651647737851313
2014-01-10,-0.009768350544236637
2014-01-13,0.014844043592634248
2014-01-14,-0.008331790409183415
2014-01-15,0.009055265123226297
2014-01-16,-0.005828476269775229
2014-01-17,0.009212730318258089
2014-01-20,-0.004057169202397404
2014-01-21,0.010739746319785137
2014-01-22,0.004763213336997252
2014-01-23,0.0
2014-01-24,-0.005014130732063027
2014-01-27,-0.003848268279274314
2014-01-28,0.003495217071376011
2014-01-29,-0.0024747937671860676
2014-01-30,0.004869980703850141
2014-01-31,-0.01097293343087058
2014-02-03,-0.014885355029585767
2014-02-04,0.0045987799155327025
2014-02-05,-0.002148729446935782
2014-02-06,0.012545641793839657
2014-02-07,0.01821544151641241
2014-02-10,0.0005448601525608332
2014-02-11,-0.008803775639862121
2014-02-12,-0.005402435674388695
2014-02-13,0.003314306757503216
2014-02-14,-0.003211598458432774
2014-02-18,0.013900395839086865
2014-02-19,0.002088251316506362
2014-02-20,-0.008607411434266576
2014-02-21,-0.003564247852312241
2014-02-24,0.006695404934421667
2014-02-25,-0.005193148688046767
2014-02-26,0.0018316695668101346
2014-02-27,-0.0077703629216564485
2014-02-28,0.004053805048829906
2014-03-03,0.020921269957790534
2014-03-04,-0.018784828330037806
2014-03-05,-0.009343226161033225
2014-03-06,-0.001479426722145294
2014-03-07,0.010649134179090636
2014-03-10,-0.007971412864211103
2014-03-11,0.0007388935069732039
2014-03-12,-0.004337794185509947
2014-03-13,-0.0037078235076009047
2014-03-14,0.005582433941198284
2014-03-17,-0.010085122131754276
2014-03-18,-0.0018693335825776813
2014-03-19,-0.007865905047289123
2014-03-20,-0.002076451156205694
2014-03-21,0.01390333869289706
2014-03-24,-0.005690298507462721
2014-03-25,0.003940332113706813
2014-03-26,-0.010372862349313117
2014-03-27,0.006421152030217092
2014-03-28,0.0005629574028898077
2014-03-31,-0.0064703675918980075
2014-04-01,-0.0023596035865974807
2014-04-02,-0.022043519394512767
2014-04-03,0.014607719841346567
2014-04-04,0.014588100686498962
2014-04-07,-0.014284371769570536
2014-04-08,0.008961769472781045
2014-04-09,0.01474062175186619
2014-04-10,-0.0027004376571375666
2014-04-11,0.0022408963585434094
2014-04-14,0.00316750512390529
2014-04-15,0.013187221396731008
2014-04-16,0.005591200733272128
2014-04-17,0.0007291951508523464
2014-04-21,-0.0009108297659168318
2014-04-22,-0.010484091530677309
2014-04-23,-0.0005527915975677145
2014-04-24,0.012075958702064904
2014-04-25,-0.0023681573913836296
2014-04-28,-0.0037432666849265273
2014-04-29,0.007056451612903247
2014-04-30,-0.01146601146601156
2014-05-01,0.0
2014-05-02,0.007824726134585402
2014-05-05,0.0
2014-05-06,-0.010778224333211628
2014-05-07,-0.0012003693444135877
2014-05-08,0.00018489414810018978
2014-05-09,0.000647009890008432
2014-05-12,0.0010160724182524117
2014-05-13,0.0037833348712743575
2014-05-14,0.01002022430593863
2014-05-15,-0.001183216528624853
2014-05-16,0.010570439219974581
2014-05-19,-0.0005410279531109508
2014-05-20,-0.004420786719595893
2014-05-21,0.008790212958767585
2014-05-22,-0.0038627380524612898
2014-05-23,-0.00631256199837682
2014-05-26,-0.0016335420637080267
2014-05-27,-0.0018180165439505291
2014-05-28,-0.006556779892541664
2014-05-29,0.00815840132001111
2014-05-30,-0.007001272958719884
2014-06-02,0.0011903671824924356
2014-06-03,-0.004298518383025418
2014-06-04,0.0018370533664002764
2014-06-05,-0.005867791326670813
2014-06-06,0.007193581112238112
2014-06-09,0.012269938650306678
2014-06-10,-0.012392582541836172
2014-06-11,0.00595347133174573
2014-06-12,0.021396703997086375
2014-06-13,0.008646817614547997
2014-06-16,0.002386212991604131
2014-06-17,0.005290072297654769
2014-06-18,0.00201718996667255
2014-06-19,0.00822757111597383
2014-06-20,-0.0055560378505078445
2014-06-23,-0.008118725447402775
2014-06-24,0.0010561520859002638
2014-06-25,-0.007912783541410118
2014-06-26,-0.002038284296348891
2014-06-27,8.880206020789316e-05
2014-06-30,-0.014118273841236095
2014-07-01,-0.0017112492119246703
2014-07-02,-0.0059545290508841164
2014-07-03,-0.010891268832819101
2014-07-07,-0.0025692787667461747
2014-07-08,-0.00965961361545531
2014-07-09,-0.007524384579656318
2014-07-10,-0.005990265818045626
2014-07-11,-0.004048964218455797
2014-07-14,-0.009832655762503473
2014-07-15,0.0
2014-07-16,0.00649288646997026
2014-07-17,0.005976662555734924
2014-07-18,-9.430403621280004e-05
2014-07-21,-0.0030180137696879106
2014-07-22,0.007284079084287187
2014-07-23,0.003474830954169672
2014-07-24,-0.010014038371548795
2014-07-25,0.010493477027793574
2014-07-28,-0.001777528300121567
2014-07-29,0.002624179943767624
2014-07-30,-0.004767246214245735
2014-07-31,-0.014370245139475935
2014-08-01,-0.014198589670287753
2014-08-04,0.001739971000483287
2014-08-05,-0.007816269420052091
2014-08-06,0.013129741295467845
2014-08-07,-0.0014399539214745571
2014-08-08,-0.0063449336666024925
2014-08-11,0.001064241486068207
2014-08-12,-0.01729970039625006
2014-08-13,0.0058025177025962105
2014-08-14,-0.010951403148528271
2014-08-15,-0.00019772614928337262
2014-08-18,-0.017403342232769625
2014-08-19,0.0037234577840392635
2014-08-20,0.0018046921997192378
2014-08-21,0.0036028823058447124
2014-08-22,-0.0018946948544076303
2014-08-25,0.003996403237086499
2014-08-26,9.951238929262196e-05
2014-08-27,-0.0009950248756218638
2014-08-28,0.003087649402390369
2014-08-29,0.004071095223910248
2014-09-02,-0.008999208860759556
2014-09-03,0.0066859594850814386
2014-09-04,0.003271213322759703
2014-09-05,-0.01679675921351631
2014-09-08,0.0002009848256456781
2014-09-09,-0.014568471817542505
2014-09-10,-0.018556280587275653
2014-09-11,0.0016621649698731478
2014-09-12,-0.001140842148931731
2014-09-15,0.0012459765341086282
2014-09-16,0.009955408068028637
2014-09-17,0.0031830783447992506
2014-09-18,-0.00900716479017405
2014-09-19,-0.0007229911175375969
2014-09-22,-0.014263565891472818
2014-09-23,-0.005242738806752634
2014-09-24,-0.0035838515863814147
2014-09-25,0.007087697027398754
2014-09-26,-0.0012605042016806678
2014-09-29,0.0065208245687842226
2014-09-30,-0.01076280041797284
2014-10-01,-0.0010563008344777192
2014-10-02,-0.03468330337316261
2014-10-03,-0.005367510132544773
2014-10-06,-0.0016519823788545551
2014-10-07,0.0027578599007169746
2014-10-08,-0.007150715071507219
2014-10-09,0.0024376731301938293
2014-10-10,-0.02000663203271802
2014-10-13,-0.009474396571170773
2014-10-14,-0.016624914598041385
2014-10-15,-0.027095877721167283
2014-10-16,0.0
2014-10-17,0.014877410140442748
2014-10-20,-0.009968335874281586
2014-10-21,0.008884150675195546
2014-10-22,0.014206880356933071
2014-10-23,-0.0050937717064134524
2014-10-24,0.0006981615080288162
2014-10-27,-0.0041860465116279055
2014-10-28,-0.0008173750583839734
2014-10-29,0.01565969381792698
2014-10-30,-0.016223679668622704
2014-10-31,-0.015555555555555545
2014-11-03,0.008672923844600167
2014-11-04,-0.032744405182567715
2014-11-05,0.009254749147588726
2014-11-06,-0.009652509652509633
2014-11-07,0.013645224171540127
2014-11-10,-0.0036057692307691624
2014-11-11,-0.023642943305187014
2014-11-12,-0.00642451198418581
2014-11-13,-0.03332504352151211
2014-11-14,-0.002958579881656709
2014-11-17,-0.008386014707779665
2014-11-18,0.004813947436898225
2014-11-19,-0.0002589667227762549
2014-11-20,0.005180676078228252
2014-11-21,0.020487050637804538
2014-11-24,0.005303030303030365
2014-11-25,-0.02511931675458423
2014-11-26,-0.0029631538263334978
2014-11-28,-0.07106861351595817
2014-12-01,-0.014188343302267259
2014-12-02,0.003668689149146198
2014-12-03,-0.01405876564037678
2014-12-04,-0.023527734207899442
2014-12-05,-0.007009345794392607
2014-12-08,-0.03470588235294114
2014-12-09,0.007160268129189573
2014-12-10,-0.04220238995613368
2014-12-11,0.0052116234996841815
2014-12-12,-0.031107619795758046
2014-12-15,-0.00940489703259284
2014-12-16,-0.013586511704043347
2014-12-17,-0.006969797543975975
2014-12-18,-0.017212566844919786
2014-12-19,0.0010202346539702756
2014-12-22,-0.009512485136741855
2014-12-23,0.013033784942548365
2014-12-24,-0.00677162688335875
2014-12-26,0.0008522243054371881
2014-12-29,-0.014645776566757474
2014-12-30,-0.0390597995160733
2014-12-31,-0.005935251798561136
2015-01-02,0.0019902297810747704
2015-01-05,-0.07764535933550021
2015-01-06,-0.018794048551292075
2015-01-07,-0.021149241819632736
2015-01-08,0.00754178556869145
2015-01-09,-0.03621282621889543
2015-01-12,-0.015533165407220828
2015-01-13,-0.03773987206823015
2015-01-14,0.015289164635497343
2015-01-15,0.040157136621562506
2015-01-16,-0.005874947545111087
2015-01-20,-0.01878429717180241
2015-01-21,0.0002151000215100396
2015-01-22,-0.008817204301075243
2015-01-23,0.013018008244738422
2015-01-26,-0.013279074748340114
2015-01-27,0.010418927718688797
2015-01-28,0.011170784103115006
2015-01-29,-0.009772678988740235
2015-01-30,0.019523707358935827
2015-02-02,0.08880471380471366
2015-02-03,0.05160417471975243
2015-02-04,0.012130123139128868
2015-02-05,0.016524423461049542
2015-02-06,-0.0017863522686673017
2015-02-09,0.02004294917680749
2015-02-10,-0.021228070175438596
2015-02-11,-0.04140526976160608
2015-02-12,0.05142109199700817
2015-02-13,0.07291481415614443
2015-02-16,0.020553621747057882
2015-02-17,-0.012830924151372436
2015-02-18,-0.000987166831194486
2015-02-19,-0.03194993412384717
2015-02-20,0.03759782238856757
2015-02-23,-0.01983931792097071
2015-02-24,0.009200401472064135
2015-02-25,-0.009282280788993735
2015-02-26,0.027103898276727323
2015-02-27,0.008144648965629608
2015-03-02,-0.01841977702375186
2015-03-03,0.007078189300411486
2015-03-04,-0.03269042170643999
2015-03-05,0.019432240621831687
2015-03-06,-0.019559091662522787
2015-03-09,-0.008114961961115719
2015-03-10,-0.04636100221578321
2015-03-11,0.009115281501340444
2015-03-12,0.003542330853701703
2015-03-13,-0.032827391457818544
2015-03-16,-0.05109489051094884
2015-03-17,0.003269230769230802
2015-03-18,0.008050603795284772
2015-03-19,0.007035558090891847
2015-03-20,0.017371601208459264
2015-03-23,-0.0011135857461025411
2015-03-24,-0.0039018952062430667
2015-03-25,0.010632344711807518
2015-03-26,0.052417866371354815
2015-03-27,-0.010171869519466914
2015-03-30,-0.04340892983699496
2015-03-31,-0.005556584552695032
2015-04-01,0.037995902402682136
2015-04-02,0.0
2015-04-06,0.0
2015-04-07,0.032657455589449214
2015-04-08,-0.01963509991311896
2015-04-09,-0.006735200283587428
2015-04-10,0.013918629550321304
2015-04-13,0.005631819781767078
2015-04-14,0.009625481274063707
2015-04-15,0.028254463511873773
2015-04-16,0.013654753877275772
2015-04-17,0.019624147680026516
2015-04-20,-0.0017941608220518601
2015-04-21,-0.01764705882352946
2015-04-22,0.0
2015-04-23,0.04224883566200921
2015-04-24,0.004787743376954978
2015-04-27,-0.0015883100381194337
2015-04-28,-0.003977091950365885
2015-04-29,0.021721769685353776
2015-04-30,-0.0010942629357511002
2015-05-01,0.0035993740219091297
2015-05-04,0.007640729767659504
2015-05-05,0.012689569792633693
2015-05-06,0.011919315403422948
2015-05-07,-0.01948051948051932
2015-05-08,-0.01709533343600811
2015-05-11,-0.015669069257286172
2015-05-12,0.03613498885705191
2015-05-13,0.019050545398678675
2015-05-14,-0.011307100859339614
2015-05-15,-0.013571210734980133
2015-05-18,0.007110836296181811
2015-05-19,-0.02563315425940149
2015-05-20,0.000630119722747402
2015-05-21,0.018576826196473606
2015-05-22,0.0
2015-05-26,-0.047140649149922775
2015-05-27,-0.0048661800486617945
2015-05-28,-0.02004889975550128
2015-05-29,0.05056553559547572
2015-06-01,-0.0045915136162127945
2015-06-02,0.00429457610943218
2015-06-03,-0.005701615457712972
2015-06-04,-0.03886588085377507
2015-06-05,0.00033145508783549715
2015-06-08,0.016070245195493715
2015-06-09,0.030979944562204542
2015-06-10,0.022932152459275823
2015-06-11,-0.014223871366728646
2015-06-12,-0.00893977415307401
2015-06-15,-0.03481563538534571
2015-06-16,-0.003935071323167727
2015-06-17,0.0
2015-06-18,0.010205761316872453
2015-06-19,-0.031937428711096616
2015-06-22,0.01902036694159226
2015-06-23,0.018665345226296814
2015-06-24,-0.000648613588454694
2015-06-25,-0.022553950997890593
2015-06-26,-0.0016600265604249653
2015-06-29,-0.018456933821084154
2015-06-30,0.02168388954768763
2015-07-01,0.022218537555960705
2015-07-02,0.0012976480129764933
2015-07-03,-0.04325287542523881
2015-07-06,-0.03166271588215386
2015-07-07,-0.04318936877076407
2015-07-08,0.017909356725146264
2015-07-09,0.03824057450628349
2015-07-10,-0.0019021269237420313
2015-07-13,-0.0015592515592515177
2015-07-14,-0.007461391636300552
2015-07-15,0.002447552447552459
2015-07-16,-0.000523194977328223
2015-07-17,-0.016227534461699555
2015-07-20,0.0007094714437743121
2015-07-21,-0.008507621410847266
2015-07-22,0.007508044333214281
2015-07-23,-0.010645848119233525
2015-07-24,-0.02636298421807748
2015-07-27,-0.004052311659605845
2015-07-28,0.004253745145182064
2015-07-29,0.007918968692449457
2015-07-30,-0.008039466471770451
2015-07-31,-0.01841959845275376
2015-08-03,-0.07130793769938071
2015-08-04,-0.008284501919579745
2015-08-05,-0.0008149959250203231
2015-08-06,-0.02528548123980423
2015-08-07,-0.005439330543932974
2015-08-10,0.01598653765250302
2015-08-11,-0.0200828157349896
2015-08-12,0.020283118529473843
2015-08-13,-0.005798301925864613
2015-08-14,-0.00458237867111011
2015-08-17,-0.00041849759363876693
2015-08-18,-0.016118903077245172
2015-08-19,-0.02659574468085102
2015-08-20,-0.0026229508196721207
2015-08-21,-0.03922857769011612
2015-08-24,-0.05132299270072993
2015-08-25,0.0064919451791294325
2015-08-26,-0.0023889154323937234
2015-08-27,0.06465517241379315
2015-08-28,0.07894736842105265
2015-09-01,0.017302480717114932
2015-09-02,-0.023155737704917967
2015-09-03,0.05747849800713234
2015-09-04,-0.03610394762943847
2015-09-07,-0.044659394937229924
2015-09-08,0.05299439896596292
2015-09-09,-0.017184942716857665
2015-09-10,-0.005620316402997427
2015-09-11,-0.01884027632405283
2015-09-14,-0.021335609131640676
2015-09-15,0.0008720296490081214
2015-09-16,0.07492920932258773
2015-09-17,-0.021884498480243098
2015-09-18,-0.02050963331261657
2015-09-21,0.0076142131979695105
2015-09-22,-0.019941225860621414
2015-09-23,0.028057399871492805
2015-09-24,-0.019583333333333286
2015-09-25,0.004674883127921747
2015-09-28,-0.02622673434856182
2015-09-29,0.03344917463075592
2015-09-30,-0.006094997898276611
2015-10-01,0.004017762740537112
2015-10-02,-0.019587194608256087
2015-10-05,0.06229860365198725
2015-10-06,0.03822042467138531
2015-10-07,0.0062329567588623735
2015-10-08,0.00909794812233855
2015-10-09,-0.0009591406100135647
2015-10-12,-0.021697388632872405
2015-10-13,-0.03945044160942113
2015-10-14,-0.014098896608091493
2015-10-15,-0.007875647668393881
2015-10-16,0.02277000208899116
2015-10-19,-0.02961601307189543
2015-10-20,-0.012207956219743132
2015-10-21,-0.0044747496271042575
2015-10-22,-0.0027825342465752634
2015-10-23,-0.00622451169778937
2015-10-26,0.005831533477321793
2015-10-27,-0.02211724286021044
2015-10-28,0.0452349582784366
2015-10-29,0.009243697478991564
2015-10-30,-0.0008326394671107629
2015-11-02,-0.001875000000000071
2015-11-03,0.0018785222291797243
2015-11-04,-0.021666666666666612
2015-11-05,0.004897785349233352
2015-11-06,-0.023310023310023187
2015-11-09,-0.015404643089607317
2015-11-10,0.023358307624504082
2015-11-11,-0.03143841515934542
2015-11-12,0.0
2015-11-13,-0.0666963094708759
2015-11-16,-0.040495474035254775
2015-11-17,0.02482621648460781
2015-11-18,0.004118217054263518
2015-11-19,0.018576598311218273
2015-11-20,0.006395073424917186
2015-11-23,0.028477288773829157
2015-11-24,0.015560640732265485
2015-11-25,-0.018476791347453836
2015-11-26,-0.0002295684113866603
2015-11-27,-0.011021814006888508
2015-11-30,0.015323891339679596
2015-12-01,-0.017379373427852673
2015-12-02,-0.024435652781009898
2015-12-03,0.00190839694656475
2015-12-04,-0.01333333333333342
2015-12-07,-0.042229729729729715
2015-12-08,-0.00629881582262537
2015-12-09,-0.010141987829614618
2015-12-10,-0.00998975409836067
2015-12-11,-0.04294954721862865
2015-12-14,-0.012976480129764933
2015-12-15,0.03149821966584487
2015-12-16,-0.018587360594795377
2015-12-17,-0.018127705627705715
2015-12-18,0.012951226233121949
2015-12-21,-0.03862894450489651
2015-12-22,-0.002263723825693398
2015-12-23,0.015031196823596105
2015-12-24,0.039955294775076755
2015-12-28,-0.0037614185921547305
2015-12-29,-0.0062028047464939284
2015-12-30,-0.03256445047489831
2015-12-31,0.026928471248246932
2016-01-04,-0.009013930620049071
2016-01-05,-0.019845644983461974
2016-01-06,-0.046962879640045085
2016-01-07,-0.009442313366774813
2016-01-08,-0.0565981531128984
2016-01-11,-0.0483107041364067
2016-01-12,-0.033178500331785044
2016-01-13,-0.019217570350034352
2016-01-14,0.009097270818754444
2016-01-15,-0.001386962552011095
2016-01-18,-0.050000000000000044
2016-01-19,0.0
2016-01-20,-0.049342105263157854
2016-01-21,0.06074586697424067
2016-01-22,0.10402319681043859
2016-01-25,-0.02101116217990806
2016-01-26,0.03755868544600949
2016-01-27,0.028765352294763957
2016-01-28,0.03707194470625197
2016-01-29,0.003938200545289483
2016-02-01,-0.020820760410380168
2016-02-02,-0.045300462249614815
2016-02-03,0.045190445448676675
2016-02-04,0.011735639283508181
2016-02-05,-0.01251526251526236
2016-02-08,-0.021947449768160765
2016-02-09,-0.04709228824273082
2016-02-10,-0.01691542288557213
2016-02-11,-0.027665317139001333
2016-02-12,0.10340041637751574
2016-02-16,-0.022327044025157283
2016-02-17,0.0681891283370859
2016-02-18,-0.0003011141222523106
2016-02-19,-0.04638554216867474
2016-02-22,0.06096020214782061
2016-02-23,-0.050312593033641106
2016-02-24,-0.01253918495297801
2016-02-25,0.04222222222222216
2016-02-26,0.08924763935424918
2016-02-29,0.004474272930648837
2016-03-01,-0.005289532293986765
2016-03-02,0.018191995521970483
2016-03-03,-0.01731720725673458
2016-03-04,0.052027972027971936
2016-03-07,0.037490029247540635
2016-03-08,0.0035879036391592845
2016-03-09,0.028089887640449396
2016-03-10,-0.040486835568802726
2016-03-11,0.020191560962981914
2016-03-14,-0.034255265161126425
2016-03-15,-0.014976353126642139
2016-03-16,0.023739663910376185
2016-03-17,0.02371026576341828
2016-03-18,-0.0007635530669382051
2016-03-21,0.01655629139072845
2016-03-22,0.015785517414181882
2016-03-23,-0.04193389245189927
2016-03-24,-0.013130792996910556
2016-03-28,0.0
2016-03-29,-0.04122097573702055
2016-03-30,0.0
2016-03-31,0.0
2016-04-01,-0.00897959183673469
2016-04-04,-0.010159253157605797
2016-04-05,-0.00471567267683759
2016-04-06,0.052675585284280846
2016-04-07,-0.016415144294413708
2016-04-08,0.09582772543741602
2016-04-11,0.021370670596904784
2016-04-12,0.03463203463203479
2016-04-13,-0.004881450488145034
2016-04-14,0.004905395935529189
2016-04-15,-0.039516503951650406
2016-04-18,0.007744433688286589
2016-04-19,0.033141210374639796
2016-04-20,0.0016271501627149743
2016-04-21,0.009050823857043255
2016-04-22,0.01126954921803125
2016-04-25,-0.022742779167614247
2016-04-26,0.022573888759599647
2016-04-27,0.005234410559854519
2016-04-28,0.03237491510074708
2016-04-29,0.0008771929824560321
2016-05-02,0.003943908851884226
2016-05-03,-0.05958096900916621
2016-05-04,-0.00023207240659095518
2016-05-05,0.030408542246982417
2016-05-06,0.004730795224149542
2016-05-09,-0.04865470852017939
2016-05-10,0.0372378034409615
2016-05-11,0.04703476482617597
2016-05-12,0.0075954861111111605
2016-05-13,0.013353435278914416
2016-05-16,0.030605738575983032
2016-05-17,0.00453701794184358
2016-05-18,0.004516526380619945
2016-05-19,-0.039239730226854674
2016-05-20,0.03254626675175487
2016-05-23,-0.015863205603625752
2016-05-24,0.013606866234038062
2016-05-25,0.009293680297397744
2016-05-26,0.0133005934110908
2016-05-27,-0.008683360258481376
2016-05-31,0.0034630270930942064
2016-06-01,-0.009135200974421331
2016-06-02,0.0049170251997541214
2016-06-03,-0.011213047910295537
2016-06-06,0.009072164948453532
2016-06-07,0.01675521046178985
2016-06-08,0.019493569131832755
2016-06-09,-0.002759708259412408
2016-06-10,-0.01759240956710817
2016-06-13,-0.006841046277666019
2016-06-14,-0.029983792544570398
2016-06-15,-0.008563074352548106
2016-06-16,-0.03812934484937858
2016-06-17,0.01992991677617173
2016-06-20,0.04530813828645042
2016-06-21,-0.010271158586688589
2016-06-22,0.005188875051888697
2016-06-23,0.004129671691100567
2016-06-24,-0.03989307012132437
2016-06-27,-0.03469693724566281
2016-06-28,0.02706900377191035
2016-06-29,0.045582199179088345
2016-06-30,-0.00723140495867769
2016-07-01,-0.008324661810613865
2016-07-04,0.007764952780692669
2016-07-05,-0.04956268221574345
2016-07-06,0.0013146362839615566
2016-07-07,0.005032822757111477
2016-07-08,-0.03048116699325054
2016-07-11,-0.011003817651021874
2016-07-12,0.060853769300635685
2016-07-13,-0.04387842465753422
2016-07-14,0.029997761361092445
2016-07-15,0.005216257335362018
2016-07-18,-0.019459459459459483
2016-07-19,0.007717750826901959
2016-07-20,0.0026258205689277947
2016-07-21,-0.018114360541248375
2016-07-22,-0.0166703711935986
2016-07-25,-0.010849909584086936
2016-07-26,-0.00457038391224851
2016-07-27,-0.017906336088154284
2016-07-28,-0.02127162225338952
2016-07-29,-0.02651062813470262
2016-08-01,-0.01447497546614318
2016-08-02,-0.0042320139407519
2016-08-03,0.011249999999999982
2016-08-04,0.021755253399258212
2016-08-05,0.027582869586256997
2016-08-08,0.018130445020014152
2016-08-09,0.003006475485661353
2016-08-10,-0.027207747290753925
2016-08-11,0.048352690210950344
2016-08-12,0.020122089079810168
2016-08-15,0.04853723404255339
2016-08-16,0.02029169308814205
2016-08-17,0.006422208411021257
2016-08-18,0.018114450391107484
2016-08-19,-0.0014152850788515803
2016-08-22,-0.026118647499493775
2016-08-23,0.012474012474012586
2016-08-24,-0.02340862422997947
2016-08-25,0.035534062237174036
2016-08-26,0.008324873096446694
2016-08-29,0.0
2016-08-30,-0.03463552154651628
2016-08-31,0.0
2016-09-01,-0.06028368794326244
2016-09-02,0.020199778024417414
2016-09-05,0.01653611836379465
2016-09-06,-0.01091609589041087
2016-09-07,0.017095866695520323
2016-09-08,0.047446808510638316
2016-09-09,-0.017469022953483626
2016-09-12,-0.011370684308455559
2016-09-13,-0.02802174822250114
2016-09-14,-0.017857142857142794
2016-09-15,0.003943044906900228
2016-09-16,-0.012437268164957493
2016-09-19,0.017233760494918204
2016-09-20,-0.01737619461337958
2016-09-21,0.01657824933687002
2016-09-22,0.02652750597956066
2016-09-23,-0.0105909764880322
2016-09-26,-0.0021408691928923584
2016-09-27,-0.035614674962454296
2016-09-28,0.012013348164627402
2016-09-29,0.06462958892064186
2016-09-30,-0.003923188106545461
2016-10-03,0.007669983416251913
2016-10-04,0.004114379757251596
2016-10-05,0.015570579799221385
2016-10-06,0.011498890457938282
2016-10-07,0.006980454726765117
2016-10-10,0.020796197266785388
2016-10-11,-0.020566550252231308
2016-10-12,-0.01881933438985728
2016-10-13,-0.0048455481526348265
2016-10-14,-0.008520998174071814
2016-10-17,0.009003478616738336
2016-10-18,0.010139931048468886
2016-10-19,0.04095563139931735
2016-10-20,-0.027579556412729023
2016-10-21,-0.002776675922253058
2016-10-24,-0.009546539379475028
2016-10-25,-0.014457831325301207
2016-10-26,-0.002037489812550919
2016-10-27,0.0030624744793794623
2016-10-28,-0.0274781192753919
2016-10-31,-0.03306822938467979
2016-11-01,-0.009307359307359264
2016-11-02,-0.0329910421673586
2016-11-03,-0.009489380930862934
2016-11-04,-0.01779197080291972
2016-11-07,-0.005341384115188252
2016-11-08,0.014942797104833039
2016-11-09,0.00943179204048783
2016-11-10,-0.0047857793983592245
2016-11-11,-0.04717197160522102
2016-11-14,0.005287190579187584
2016-11-15,0.05546258666029158
2016-11-16,0.020838052095130344
2016-11-17,-0.011093854004881276
2016-11-18,-0.0035898586493157136
2016-11-21,0.034902049088043396
2016-11-22,0.003046127067014792
2016-11-23,0.009544468546637708
2016-11-24,0.021486892995272955
2016-11-25,-0.025662599915860285
2016-11-28,0.006908462867012188
2016-11-29,-0.04202401372212694
2016-11-30,0.07318710832587305
2016-12-01,0.09030239833159537
2016-12-02,0.0013389441469013885
2016-12-05,0.018147086914995114
2016-12-06,-0.018574108818011137
2016-12-07,-0.007837889504874851
2016-12-08,-0.00578034682080919
2016-12-09,0.01143410852713167
2016-12-12,0.03448936577888495
2016-12-13,-0.013150583441378094
2016-12-14,-0.0024399399399399613
2016-12-15,-0.02690498588899337
2016-12-16,0.04698375870069604
2016-12-19,-0.011449676823637955
2016-12-20,0.019241546796189057
2016-12-21,-0.02840909090909094
2016-12-22,0.019430296170533934
2016-12-23,-0.002035529237601752
2016-12-28,0.018913406267383692
2016-12-29,0.00036396724294807115
2016-12-30,-0.00018191740949602409
2017-01-03,0.0016375545851528006
2017-01-04,-0.008719346049046228
2017-01-05,0.007696536558548628
2017-01-06,0.016548463356973908
2017-01-09,-0.027012522361359537
2017-01-10,-0.0218790218790218
2017-01-11,0.007706766917293217
2017-01-12,0.016787912702853847
2017-01-13,-0.0025683360851219694
2017-01-16,-0.0012874747103182038
2017-01-17,0.006998158379373898
2017-01-18,-0.016642282370153527
2017-01-19,-0.010972661335317158
2017-01-20,0.03497555471981939
2017-01-23,-0.0043604651162790775
2017-01-24,-0.0018248175182480342
2017-01-25,-0.006581352833638032
2017-01-26,0.028524107471475935
2017-01-27,-0.019502594381821448
2017-01-30,-0.0005474452554743436
2017-01-31,0.008763921855030166
2017-02-01,0.009773755656108607
2017-02-02,0.0026886538806236704
2017-02-03,-0.0003575259206292092
2017-02-06,-0.016094420600858306
2017-02-07,-0.02235550708833156
2017-02-08,0.01171221416620205
2017-02-09,-0.008085262771040158
2017-02-10,0.022600963319748146
2017-02-13,-0.01902173913043481
2017-02-14,0.014958448753462639
2017-02-15,-0.007096069868995691
2017-02-16,-0.007513285688107052
2017-02-17,0.005908419497784312
2017-02-20,0.014133627019089712
2017-02-21,0.01972850678733029
2017-02-22,-0.025559105431310014
2017-02-23,0.01675774134790542
2017-02-24,-0.020243640272303853
2017-02-27,-0.0007313951362223348
2017-02-28,-0.02360475754803293
2017-03-01,0.04422788605697159
2017-03-02,-0.02799712849964109
2017-03-03,-0.0007385524372229835
2017-03-06,0.011271249076127088
2017-03-07,-0.002192581765028234
2017-03-08,-0.0239882805347007
2017-03-09,-0.04971857410881797
2017-03-10,-0.00039486673247768334
2017-03-13,-0.010468101915860228
2017-03-14,-0.009980039920159722
2017-03-15,0.02076612903225805
2017-03-16,-0.0013825794983212125
2017-03-17,0.00039556962025311115
2017-03-20,0.001779359430605032
2017-03-21,-0.010459838168541569
2017-03-22,-0.011567610690067731
2017-03-23,0.012308313155770856
2017-03-24,-0.003986446083316775
2017-03-27,0.003001801080648292
2017-03-28,0.011971268954509284
2017-03-29,0.012618296529968376
2017-03-30,0.017328660436137122
2017-03-31,-0.000956937799043045
2017-04-03,-0.0030651340996169507
2017-04-04,0.019984627209838512
2017-04-05,0.006217030896759512
2017-04-06,0.003931847968545288
2017-04-07,0.01156284968295429
2017-04-10,0.010140117994100306
2017-04-11,-0.0010950903449534755
2017-04-12,0.00036543029417135386
2017-04-13,0.005479452054794498
2017-04-17,-0.0047229791099000495
2017-04-18,-0.039970797590801244
2017-04-19,-0.0032319391634981764
2017-04-20,-0.03375929811176814
2017-04-21,-0.014409790761942265
2017-04-24,-0.009613458842379297
2017-04-25,-0.0016177957532862441
2017-04-26,0.012558233745189495
2017-04-27,-0.010602120424084815
2017-04-28,0.0
2017-05-01,0.019207440355843097
2017-05-02,-0.0218210672485617
2017-05-03,-0.009937132427499495
2017-05-04,-0.02642359688652185
2017-05-05,-0.001683147485798453
2017-05-08,-0.017702845100105447
2017-05-09,0.009654580562111104
2017-05-10,0.021886952826179362
2017-05-11,0.022665834892908965
2017-05-12,-0.0020333468889792705
2017-05-15,0.04502852485737563
2017-05-16,-0.001559758237473119
2017-05-17,0.010740089826205779
2017-05-18,-0.0009659969088098297
2017-05-19,0.020692322568168553
2017-05-22,0.01079954528230398
2017-05-23,-0.002999062792877316
2017-05-24,0.0018800526414739505
2017-05-25,-0.01951585663351474
2017-05-26,-0.026985645933014335
2017-05-29,0.027734067663257145
2017-05-30,-0.030622009569377995
2017-05-31,-0.024679170779861814
2017-06-01,0.020445344129554677
2017-06-02,-0.038682801031541314
2017-06-05,-0.004333470903838288
2017-06-06,-0.002901554404145079
2017-06-07,-0.021409270421949733
2017-06-08,-0.01656754460492782
2017-06-09,0.007343412526997994
2017-06-12,0.011578044596912473
2017-06-13,-0.0048749470114454185
2017-06-14,-0.03152289669861563
2017-06-15,0.003078953155926989
2017-06-16,0.0019732514799386536
2017-06-19,0.005032822757111477
2017-06-20,-0.04245591116917058
2017-06-21,0.014552069122328426
2017-06-22,-0.0035858359480053226
2017-06-23,-0.007197480881691365
2017-06-26,-0.0011327594019029386
2017-06-27,0.047176230437740996
2017-06-28,0.006064544076239908
2017-06-29,0.012271259418729752
2017-06-30,0.0012760527435133895
2017-07-03,0.04354290569243857
2017-07-04,0.0004070832485243425
2017-07-05,-0.031943031536114
2017-07-06,0.0199663724253889
2017-07-07,-0.04244797032763248
2017-07-10,0.0021519259737465823
2017-07-11,0.002362035645265159
2017-07-12,0.0010711225364181676
2017-07-13,0.019687566873528795
2017-07-14,0.005036726128016866
2017-07-17,-0.004802672791814677
2017-07-18,0.0054553084347461755
2017-07-19,0.008764607679465852
2017-07-20,0.004137360364087517
2017-07-21,-0.022043675319324274
2017-07-24,0.007162418369496493
2017-07-25,0.028864254340096096
2017-07-26,0.018093108355356824
2017-07-27,0.011781150159744458
2017-07-28,0.02624827313992495
2017-07-31,-0.0001923076923076028
2017-08-01,-0.023466051163685275
2017-08-02,0.02599960606657481
2017-08-03,0.015166058744480626
2017-08-04,-0.0075642965204236745
2017-08-07,-0.020198170731707266
2017-08-08,0.014780241151302942
2017-08-09,-0.00038328861632819233
2017-08-10,0.008243865030674868
2017-08-11,-0.021296824491348287
2017-08-14,-0.0034971828249465986
2017-08-15,-0.027100799376096663
2017-08-16,0.009819639278557224
2017-08-17,-0.00039690414764836923
2017-08-18,0.011713321421481071
2017-08-21,0.019230769230769162
2017-08-22,0.006738544474393482
2017-08-23,0.00038248231019322176
2017-08-24,-0.011087746128847331
2017-08-25,0.0027063599458727605
2017-08-28,0.0
2017-08-29,-0.004434162328899149
2017-08-30,0.005228505034856612
2017-08-31,0.015026006549797799
2017-09-01,0.00873030935661423
2017-09-04,-0.010348071495766664
2017-09-05,0.019581749049429664
2017-09-06,0.01584933805705746
2017-09-07,-0.005873715124816492
2017-09-08,0.0072008862629246995
2017-09-11,-0.006416131989000817
2017-09-12,0.015867158671586612
2017-09-13,0.008354522339266257
2017-09-14,0.022334293948126804
2017-09-15,-0.010218463706835768
2017-09-18,-0.01210395158419364
2017-09-19,0.019459459459459483
2017-09-20,0.010957935666313201
2017-09-21,0.009265734265734071
2017-09-22,0.007448467001558878
2017-09-25,0.021664374140302645
2017-09-26,0.005890272635476368
2017-09-27,-0.017232725447548947
2017-09-28,0.0010214504596526286
2017-09-29,-0.03027210884353726
2017-10-02,-0.023675903191862524
2017-10-03,0.008083348302496685
2017-10-04,-0.002138275124732636
2017-10-05,0.019464285714285712
2017-10-06,-0.02785076195480829
2017-10-09,-0.003783783783783745
2017-10-10,0.02405498281786933
2017-10-11,-0.008654185800070602
2017-10-12,0.0
2017-10-13,0.013005522893283494
2017-10-16,0.011079845233907815
2017-10-17,0.0024352061228039013
2017-10-18,0.007287870900572591
2017-10-19,-0.003962101636520221
2017-10-20,0.001210653753026536
2017-10-23,-0.0034548281223009125
2017-10-24,0.0026001040041603307
2017-10-25,0.01054633471645916
2017-10-26,0.0051325919589391145
2017-10-27,0.0238297872340425
2017-10-30,0.00831255195344971
2017-10-31,0.01154163231657046
2017-11-01,-0.006030969845150835
2017-11-02,-0.0031157756641521095
2017-11-03,0.010363546635959953
2017-11-06,0.046401823510257234
2017-11-07,0.0014003423058970288
2017-11-08,-0.00621504039776255
2017-11-09,0.008286429018136143
2017-11-10,-0.002170879206078502
2017-11-13,-0.021911421911421813
2017-11-14,-0.032252939307276796
2017-11-15,0.0055820062387128555
2017-11-16,-0.0011428571428571122
2017-11-17,0.002615233736515288
2017-11-20,0.0
2017-11-21,0.015324421258558818
2017-11-22,0.010276172125883054
2017-11-23,0.005562619198982821
2017-11-24,0.004899636478583824
2017-11-27,-0.00519031141868509
2017-11-28,0.004901185770751049
2017-11-29,0.002831969792322253
2017-11-30,-0.003294634452463141
2017-12-01,0.016370218794270253
2017-12-04,-0.01734551649372762
2017-12-05,0.0
2017-12-06,-0.01891252955082745
2017-12-07,0.001927710843373509
2017-12-08,0.023889690556357257
2017-12-11,0.027560288130284993
2017-12-12,-0.010057909174032487
2017-12-13,-0.020012315270935943
2017-12-14,0.0009425070688029447
2017-12-15,0.0014124293785311437
2017-12-18,0.010029775897194781
2017-12-19,-0.011792086889061415
2017-12-20,0.011618778458156731
2017-12-21,0.003259351233897201
2017-12-22,-0.0004641089108911034
2017-12-27,0.0219780219780219
2017-12-28,0.011661366045736754
2017-12-29,-0.0010479041916167109
2018-01-02,-0.0011988610819720913
2018-01-03,0.01800450112528118
2018-01-04,0.012969786293294261
2018-01-05,-0.010475774770842383
2018-01-08,0.006910748419350021
2018-01-09,0.008761682242990565
2018-01-10,0.010277938621887861
2018-01-11,0.0081673592205187
2018-01-12,-0.01023308698123937
2018-01-15,0.00962090752441136
2018-01-16,-0.01294268240648555
2018-01-17,-0.0030259365994237397
2018-01-18,0.004191357132533602
2018-01-19,-0.013241220495106565
2018-01-22,0.011085180863477095
2018-01-23,0.0070686670513562255
2018-01-24,0.0014324595330181822
2018-01-25,0.016735803175511377
2018-01-26,-0.014068655036578503
2018-01-29,-0.02382990867579915
2018-01-30,-0.009209179944452472
2018-01-31,0.0
2018-02-01,0.01209796400118024
2018-02-02,-0.016763848396501357
2018-02-05,0.0035581912527797854
2018-02-06,-0.013886837051263035
2018-02-07,-0.01513108614232217
2018-02-08,-0.022512929723151665
2018-02-09,-0.018985371926548478
2018-02-12,-0.013324873096446588
2018-02-13,-0.004180064308681786
2018-02-14,0.005650629641588578
2018-02-15,0.00915074650826786
2018-02-16,0.02290804963410742
2018-02-19,0.010108864696734221
2018-02-20,-0.004157043879907563
2018-02-21,0.0020098948670377315
2018-02-22,0.0202129301033791
2018-02-23,0.01391409558378709
2018-02-26,0.013723150357995095
2018-02-27,-0.005444379046497749
2018-02-28,-0.022340582926468455
2018-03-01,-0.027996368038740838
2018-03-02,0.0004670714619336991
2018-03-05,0.023653906006847025
2018-03-06,-0.0016722408026755842
2018-03-07,-0.008832038982792723
2018-03-08,-0.01874327853740987
2018-03-09,0.02066697980272436
2018-03-12,-0.010124252185918059
2018-03-13,-0.005113900511390046
2018-03-14,-0.009190031152648048
2018-03-15,0.0009432479169941832
2018-03-16,0.015863043819695388
2018-03-19,0.0021645021645020357
2018-03-20,0.01820425794507874
2018-03-21,0.0325757575757577
2018-03-22,0.012179016874541482
2018-03-23,0.0007248477819656873
2018-03-26,-0.003187020136172669
2018-03-27,-0.002615898851911158
2018-03-28,-0.007285443683520354
2018-03-29,0.013063261412006533
2018-04-03,0.0
2018-04-04,-0.043175891046073445
2018-04-05,0.007571168988491861
2018-04-06,-0.00045085662759247747
2018-04-09,0.025259359494812728
2018-04-10,0.03636896905704656
2018-04-11,0.029291071175887806
2018-04-12,-0.01787187242232602
2018-04-13,0.02435610302351643
2018-04-16,-0.015441377425526204
2018-04-17,-0.004718945176960476
2018-04-18,0.028169014084507227
2018-04-19,0.015190560151905563
2018-04-20,-0.0030728122912490052
2018-04-23,-0.0010720986330742255
2018-04-24,0.01770861282532854
2018-04-25,-0.027287107830213486
2018-04-26,0.021683154899037715
2018-04-27,-0.0007958615200955865
2018-04-30,0.007832204964821399
2018-05-01,-0.014093782929399445
2018-05-02,-0.022845691382765487
2018-05-03,0.004238446814328611
2018-05-04,0.017699115044247815
2018-05-08,-0.007892976588628753
2018-05-09,0.04638619201725991
2018-05-10,-0.00012886597938133182
2018-05-11,-0.002835416935172086
2018-05-14,0.010339925035543374
2018-05-15,0.00985032621210169
2018-05-16,-0.009500886749429949
2018-05-17,0.024299782580892826
2018-05-18,-0.021350980147334386
2018-05-21,-0.0005103342689460888
2018-05-22,0.026550931835588543
2018-05-23,-0.02151206167620001
2018-05-24,0.002668699961875909
2018-05-25,-0.029150823827630012
2018-05-29,-0.02728459530026095
2018-05-30,0.01852100389209488
2018-05-31,0.007379101330873716
2018-06-01,-0.024983649444081046
2018-06-04,-0.01515964582774365
2018-06-05,-0.006811061163329302
2018-06-06,0.0043889727060761885
2018-06-07,0.027311211252219136
2018-06-08,-0.0015951083344410977
2018-06-11,-0.007056317401144985
2018-06-12,0.0037543577366585534
2018-06-13,0.0028052364413571063
2018-06-14,-0.003996270147861969
2018-06-15,-0.03677945700147123
2018-06-18,0.039572341016384405
2018-06-19,0.000667824228663072
2018-06-20,-0.008942872397223689
2018-06-21,-0.018585858585858483
2018-06-22,0.010978454782489377
2018-06-25,-0.011537939459753122
2018-06-26,0.010436693216149484
2018-06-27,0.0341125305789618
2018-06-28,0.0022341963464318493
2018-06-29,0.015473380540256931
2018-07-02,-0.00942665289256206
2018-07-03,-0.010950332420805453
2018-07-04,0.014762093053907854
2018-07-05,0.001298869983114903
2018-07-06,-0.02737060578544559
2018-07-09,0.02800746865830872
2018-07-10,0.009340944473274604
2018-07-11,-0.03149100257069415
2018-07-12,-0.04299933642999332
2018-07-13,0.027735404243516948
2018-07-16,-0.04155984347591413
2018-07-17,-0.002252569336899879
2018-07-18,-0.004938620008466343
2018-07-19,0.020136131593874174
2018-07-20,0.0006950236308034263
2018-07-23,0.020280594527017692
2018-07-24,0.001089176310415274
2018-07-25,0.0019039847681219246
2018-07-26,0.01140219899552064
2018-07-27,0.004428935713327142
2018-07-30,0.0020042757883482754
2018-07-31,-0.011068142418989124
2018-08-01,-0.025350593311758263
2018-08-02,0.009269507470946348
2018-08-03,-0.006442769019876615
2018-08-06,0.00041390728476820016
2018-08-07,-0.002758240242725196
2018-08-08,-0.02212695339510451
2018-08-09,-0.0022627633998019148
2018-08-10,0.006378454996456506
2018-08-13,-0.0053521126760562865
2018-08-14,0.0021240441801189114
2018-08-15,-0.03377137205030378
2018-08-16,0.012138052062006466
2018-08-17,0.013437364542696173
2018-08-20,0.013829483889364003
2018-08-21,0.007593868654197866
2018-08-22,0.0182833217027214
2018-08-23,0.010553728070175517
2018-08-24,0.00922284009222829
2018-08-27,0.0
2018-08-28,0.020158580835909046
2018-08-29,0.0021077591885125813
2018-08-30,0.012882871039831878
2018-08-31,-0.001427644386761795
2018-09-03,0.011307512347283666
2018-09-04,-0.0038555455596966937
2018-09-05,-0.01070829570378018
2018-09-06,-0.013171622326552002
2018-09-07,-0.0015858332232060457
2018-09-10,0.016148246194573224
2018-09-11,0.018887586296730596
2018-09-12,0.02301201738685754
2018-09-13,-0.029492626843289127
2018-09-14,0.002704094772083554
2018-09-17,0.00449467060485409
2018-09-18,0.01316798772692418
2018-09-19,0.0022712933753943343
2018-09-20,-0.005035880649628677
2018-09-21,-0.0016449449576110275
2018-09-24,0.025221799746514506
2018-09-25,0.016318457164049782
2018-09-26,-0.004135749908770081
2018-09-27,-0.004030780505679732
2018-09-28,0.01447142506745136
2018-10-01,0.026837524177949712
2018-10-02,0.008123381210266123
2018-10-03,-0.002102067032581978
2018-10-04,0.007255705090696285
2018-10-05,-0.011037527593818819
2018-10-08,-0.010573308270676707
2018-10-09,0.011161244360009537
2018-10-10,-0.015735086895256045
2018-10-11,-0.029467907420663297
2018-10-12,-0.007867240319606617
2018-10-15,0.002478007681823824
2018-10-16,-0.004696576442961287
2018-10-17,-0.007698994163665818
2018-10-18,0.004880490551870897
2018-10-19,0.0009962640099625553
2018-10-22,0.0008708633988554482
2018-10-23,-0.02212554381603482
2018-10-24,-0.016906063302402408
2018-10-25,-0.0005171967933799149
2018-10-26,0.001293661060802087
2018-10-29,0.002067183462532318
2018-10-30,-0.024239298607529602
2018-10-31,-0.011099365750528611
2018-11-01,-0.047969000534473616
2018-11-02,-0.001964912280701725
2018-11-05,0.022078469976093418
2018-11-06,-0.028068244358833372
2018-11-07,-0.007644394110985386
2018-11-08,-0.011554921540656071
2018-11-09,-0.004040987155433662
2018-11-12,0.011592522822779339
2018-11-13,-0.06245523563959321
2018-11-14,-0.008708938120702947
2018-11-15,0.011251541307028434
2018-11-16,-0.0048773052888277935
2018-11-19,-0.017613723387961522
2018-11-20,-0.04115996258185217
2018-11-21,0.0024390243902439046
2018-11-22,-0.008759124087591275
2018-11-23,-0.055964653902798256
2018-11-26,0.034841393655746344
2018-11-27,-0.0020100502512563345
2018-11-28,-0.027022490768714325
2018-11-29,0.005520096601690616
2018-11-30,-0.00995024875621886
2018-12-03,0.04262692774215915
2018-12-04,0.01745055675585827
2018-12-05,0.0029402156158118142
2018-12-06,-0.05814332247557008
2018-12-07,0.06709320421926335
2018-12-10,-0.02301085723545615
2018-12-11,-0.009288439210482724
2018-12-12,0.0035158211953791874
2018-12-13,-0.015181848515181784
2018-12-14,-0.007962053193291574
2018-12-17,-0.01656420765027322
2018-12-18,-0.040458412918909614
2018-12-19,0.006152732537097361
2018-12-20,-0.04964028776978413
2018-12-21,-0.0172218016654051
2018-12-27,-0.008472944348160927
2018-12-28,-0.017867547096523606
2019-01-02,0.06901324896183514
2019-01-03,-0.015353311135775205
2019-01-04,0.045275220740184086
2019-01-07,0.02624011502516166
2019-01-08,-0.0033274956217164142
2019-01-09,0.04480759093305231
2019-01-10,0.016986209216279802
2019-01-11,-0.020340664792458996
2019-01-14,-0.00742741390952073
2019-01-15,-0.0025510204081632404
2019-01-16,0.019778346121057222
2019-01-17,0.0006687844841999357
2019-01-18,0.03659147869674184
2019-01-21,0.002256608639587432
2019-01-22,-0.020585397233837233
2019-01-23,0.0024630541871921707
2019-01-24,0.0006552006552007494
2019-01-25,0.006547716483876309
2019-01-28,-0.028947796389656832
2019-01-29,0.021269469100653193
2019-01-30,0.014922925549360588
2019-01-31,0.009209888511875874
2019-02-01,-0.009606147934678178
2019-02-04,0.0064662140316844585
2019-02-05,-0.009476389335046465
2019-02-06,0.00891843684125182
2019-02-07,-0.019447123111539732
2019-02-08,0.005900672020980213
2019-02-11,-0.0011406224539677323
2019-02-12,0.02088091353996746
2019-02-13,0.011025886864813206
2019-02-14,0.011537853643116769
2019-02-15,0.02578125000000009
2019-02-18,0.011576542269611467
2019-02-19,-0.008281885258244248
2019-02-20,0.014576374126935798
2019-02-21,0.001346902125112237
2019-02-22,0.0
2019-02-25,-0.04319234793005533
2019-02-26,0.007653858169322181
2019-02-27,0.01612153154549678
2019-02-28,-0.007932875667429395
2019-03-01,-0.020298323850530542
2019-03-04,0.011458169832051501
2019-03-05,-0.0031036623215394687
2019-03-06,0.004202988792030071
2019-03-07,0.004805456518369056
2019-03-08,0.012958963282937441
2019-03-11,-0.009137983551629536
2019-03-12,0.004150015370427251
2019-03-13,0.008571865911526144
2019-03-14,0.004401274852026127
2019-03-15,-0.0010577213659717088
2019-03-18,0.008168204507638777
2019-03-19,0.007201800450112428
2019-03-20,0.018173692834798194
2019-03-21,-0.000731528895391298
2019-03-22,-0.029428989751097978
2019-03-25,0.016292050082968856
2019-03-26,0.002078076295086939
2019-03-27,-0.0023700192564065636
2019-03-28,-0.0188567186340014
2019-03-29,0.02799636803874095
2019-04-01,0.01692919181510355
2019-04-02,0.008685581933989717
2019-04-03,-0.0067451205510908885
2019-04-04,0.008524779656119197
2019-04-05,0.0018624641833813183
2019-04-08,0.017017017017016967
2019-04-09,-0.0014060742407200344
2019-04-10,0.008589129822585084
2019-04-11,-0.004607008236772292
2019-04-12,0.0037868162692846763
2019-04-15,-0.009361464300684519
2019-04-16,-0.0022566995768690257
2019-04-17,0.005654509471303415
2019-04-18,-0.006044419454596661
2019-04-22,0.0
2019-04-23,0.05204355819544637
2019-04-24,-0.01075413362011024
2019-04-25,0.018344883815735846
2019-04-26,-0.05217507339204697
2019-04-29,0.0026749260875686964
2019-04-30,0.013619769727604591
2019-05-01,-0.002493420141293723
2019-05-02,-0.020136092209415368
2019-05-03,0.019699546485260733
2019-05-06,0.0
2019-05-07,-0.013481584433634453
2019-05-08,0.0015497323189630485
2019-05-09,-0.006752004501336395
2019-05-10,0.014445545956663253
2019-05-13,0.01005165433477595
2019-05-14,0.0024879060124396446
2019-05-15,0.007720943058044938
2019-05-16,0.022027637159666158
2019-05-17,-0.01017402945113799
2019-05-20,-0.009872869894509084
2019-05-21,-0.00368802076219088
2019-05-22,-0.013709898546750754
2019-05-23,-0.04962468723936608
2019-05-24,-0.005704256252742401
2019-05-28,0.03250956163577512
2019-05-29,0.006411169682291051
2019-05-30,-0.015430351075877757
2019-05-31,-0.03982746225736877
2019-06-03,-0.054207846660676906
2019-06-04,0.0063331222292590805
2019-06-05,-0.022341095028319713
2019-06-06,0.010138397167685831
2019-06-07,0.02118846582762446
2019-06-10,0.0032761310452418257
2019-06-11,-0.01166226092365108
2019-06-12,-0.029893014474512314
2019-06-13,0.02627311060655213
2019-06-14,-0.002370417193426011
2019-06-17,-0.009028987802946253
2019-06-18,0.012627877237851637
2019-06-19,-0.007892659826361448
2019-06-20,0.04120922832140006
2019-06-21,0.008404645476772554
2019-06-24,-0.012577663282315465
2019-06-25,0.016574585635359185
2019-06-26,0.009208937198067702
2019-06-27,-0.0010471204188480243
2019-06-28,0.011081162024558111
2019-07-01,-0.03584123222748814
2019-07-02,-0.03655913978494618
2019-07-03,0.01291454081632648
2019-07-04,0.0014166535495041543
2019-07-05,0.009588179817667575
2019-07-08,0.010275572162540714
2019-07-09,-0.009092310063183895
2019-07-10,0.032814930015552024
2019-07-11,0.018521307032073553
2019-07-12,-0.014636309875813103
2019-07-15,0.0031507876969241178
2019-07-16,-0.014807059527370603
2019-07-17,-0.03339911947775931
2019-07-18,-0.04664677242029214
2019-07-19,0.005601317957166341
2019-07-22,0.015072083879423381
2019-07-23,0.005164622336991664
2019-07-24,0.02488760436737314
2019-07-25,-0.005639981200062705
2019-07-26,-0.01591302977784781
2019-07-29,-0.0027217419148255484
2019-07-30,0.004174024723069492
2019-07-31,0.024300559552357992
2019-08-01,-0.018261276728578024
2019-08-02,-0.02829888712241657
2019-08-05,-0.02945026178010468
2019-08-06,-0.011631827376938575
2019-08-07,-0.06140201262152489
2019-08-08,0.02289660185353437
2019-08-09,0.01918635636880439
2019-08-12,-0.004183371099877875
2019-08-13,0.048485909329599064
2019-08-14,-0.03405676126878132
2019-08-15,-0.008468717594192876
2019-08-16,0.028412062053338127
2019-08-19,0.013389830508474532
2019-08-20,-0.012711155711657485
2019-08-21,0.026596645773335537
2019-08-22,-0.013036303630363011
2019-08-23,-0.01956194616284901
2019-08-26,0.0
2019-08-27,-0.0034106412005457942
2019-08-28,0.033880903490759895
2019-08-29,0.002813637868255503
2019-08-30,0.007426968146558854
2019-09-02,-0.04079292267365664
2019-09-03,-0.010589239965841157
2019-09-04,0.047471085793198586
2019-09-05,0.033289386947923605
2019-09-06,-0.022647527910685805
2019-09-09,0.04422323759791125
2019-09-10,0.010626660415689937
2019-09-11,-0.025514148755218735
2019-09-12,-0.035861631228181645
2019-09-13,0.008064516129032251
2019-09-16,0.11706122448979595
2019-09-17,-0.04136217480268922
2019-09-18,-0.019820094526604604
2019-09-19,-0.0006221807435060622
2019-09-20,0.015252918287937733
2019-09-23,-0.008738310593285448
2019-09-24,-0.008196721311475419
2019-09-25,-0.0268205208170903
2019-09-26,-0.0052876141643967145
2019-09-27,0.006443298969072142
2019-09-30,-0.023847631241997402
2019-10-01,-0.015248401377275012
2019-10-02,-0.035631035631035646
2019-10-03,0.001553867403314868
2019-10-04,0.019307016031718804
2019-10-07,0.005580923389142622
2019-10-08,-0.02219979818365292
2019-10-09,0.026831785345717174
2019-10-10,-0.01038525963149084
2019-10-11,0.02555856465809092
2019-10-14,-0.029377785113055
2019-10-15,0.0064614861418126335
2019-10-16,0.0018584220307484856
2019-10-17,0.000843170320404818
2019-10-18,0.010278011794439657
2019-10-21,-0.01684456304202797
2019-10-22,0.026293469041560602
2019-10-23,0.00033057851239681746
2019-10-24,0.0196629213483146
2019-10-25,0.005671690163668863
2019-10-28,-0.026909442475024248
2019-10-29,0.010928961748633892
2019-10-30,-0.013595413595413608
2019-10-31,-0.015277316506144167
2019-11-01,0.014671163575042279
2019-11-04,0.03905600797739739
2019-11-05,0.0031989763275750427
2019-11-06,-0.009725765306122458
2019-11-07,0.007889228787634872
2019-11-08,-0.009584664536741228
2019-11-11,0.009354838709677349
2019-11-12,-0.0062320230105464836
2019-11-13,0.0012863804470173434
2019-11-14,0.0030512285209571832
2019-11-15,0.01376881203970548
2019-11-18,-0.007896399241945629
2019-11-19,-0.007163323782235054
2019-11-20,0.022927689594356204
2019-11-21,0.01865203761755474
2019-11-22,-0.0024619172180334603
2019-11-25,-0.0024679932130186044
2019-11-26,0.0023194680686560165
2019-11-27,0.003239740820734527
2019-11-28,-0.0053821313240042246
2019-11-29,-0.00278293135436003
2019-12-02,-0.020155038759689825
2019-12-03,-0.003955696202531667
2019-12-04,0.03653693407466241
2019-12-05,0.006436781609195474
2019-12-06,0.012638952337444831
2019-12-09,-0.0009022556390977376
2019-12-10,0.001956652618904098
2019-12-11,-0.018026137899954775
2019-12-12,0.019886798225485558
2019-12-13,0.011549422528873476
2019-12-16,0.008896797153024938
2019-12-17,0.013962375073486077
2019-12-18,0.001884331062472988
2019-12-19,0.00839120370370372
2019-12-20,-0.014921090387374547
2019-12-23,-0.017040489367899814
2019-12-24,0.02622610757149224
2019-12-25,0.0
2019-12-26,0.0
2019-12-27,-0.00505342188853608
2019-12-30,-0.008852125961398949
2019-12-31,-0.007759882869692536
2020-01-01,0.0
2020-01-02,-0.010624169986719778
2020-01-03,0.030275913497390006
2020-01-06,0.016936884771279637
2020-01-07,-0.021494661921708236
2020-01-08,-0.02080302589467553
2020-01-09,-0.010845342445401918
2020-01-10,0.0028537098227696678
2020-01-13,-0.03938894713194541
2020-01-14,0.004833177424384161
2020-01-15,-0.01799844840961995
2020-01-16,0.021172381102859683
2020-01-17,-0.008974160606529447
2020-01-20,0.009055425448867949
2020-01-21,-0.015008509979885454
2020-01-22,-0.024348099277411217
2020-01-23,-0.013685396876509492
2020-01-24,-0.03134182174338873
2020-01-27,-0.013481631277384665
2020-01-28,0.014178339596856881
2020-01-29,0.001515917129863542
2020-01-30,-0.029263370332996974
2020-01-31,0.0008662508662509172
2020-02-03,-0.06525878483642034
2020-02-04,-0.0018518518518518823
2020-02-05,0.027087198515769906
2020-02-06,-0.0032514450867051625
2020-02-07,-0.011779630300833621
2020-02-10,-0.020905923344947785
2020-02-11,0.011425360554411013
2020-02-12,0.02851851851851861
2020-02-13,0.014404033129276295
2020-02-14,0.018281860134895078
2020-02-17,0.008018127941432862
2020-02-18,-0.008300190212692349
2020-02-19,0.04132519616390584
2020-02-20,0.0
2020-02-21,-0.0187541862022772
2020-02-24,-0.043686006825938595
2020-02-25,0.01195574589578885
2020-02-26,-0.030858755069652632
2020-02-27,-0.05040029112081523
2020-02-28,-0.016861467714121448
2020-03-02,0.023582147729487524
2020-03-03,-0.005331302361005319
2020-03-04,-0.0072741194486983796
2020-03-05,-0.010991129965291169
2020-03-06,-0.11093780464028069
2020-03-09,-0.22521929824561404
2020-03-10,0.037645060854797574
2020-03-11,-0.06028368794326222
2020-03-12,-0.09869375907111766
2020-03-13,0.06280193236714982
2020-03-16,-0.15030303030303038
2020-03-17,0.0
2020-03-18,-0.03958630527817397
2020-03-19,-0.13479391013739317
2020-03-20,0.09012875536480669
2020-03-23,-0.013385826771653564
2020-03-24,-0.05227454110135665
2020-03-25,0.07873684210526322
2020-03-26,-0.08079625292740045
2020-03-27,-0.049256900212314214
2020-03-30,-0.1482804823581957
2020-03-31,0.0062926061877295325
2020-04-01,-0.21990620114643045
2020-04-02,0.35203740814963247
2020-04-03,0.20207509881422925
2020-04-06,-0.07192766132346895
2020-04-07,-0.021257750221434724
2020-04-08,0.14117647058823524
2020-04-09,-0.19785884218873906
2020-04-14,0.07464162135442409
2020-04-15,-0.08923643054277819
2020-04-16,-0.05606060606060603
2020-04-17,0.05671482075976453
2020-04-20,-0.12101265822784812
2020-04-21,-0.4746543778801844
2020-04-22,0.5098684210526316
2020-04-23,0.09368191721132901
2020-04-24,0.05378486055776888
2020-04-27,-0.04410838059231248
2020-04-28,0.028345418589321048
2020-04-29,0.1448717948717948
2020-04-30,0.01399776035834277
2020-05-01,0.02098288238542234
2020-05-04,0.10329908058409942
2020-05-05,0.24803921568627474
2020-05-06,-0.049489395129615144
2020-05-07,0.0012396694214875659
2020-05-11,0.05365249690466367
2020-05-12,0.044653349001175124
2020-05-13,0.04574428196475444
2020-05-14,0.07099318752240946
2020-05-15,0.03615667894208219
2020-05-18,0.07592891760904674
2020-05-19,-0.007207207207207023
2020-05-20,0.051421657592256365
2020-05-21,0.0005753739930955959
2020-05-22,-0.02817711328349637
2020-05-26,0.004437869822485396
2020-05-27,-0.035935198821796965
2020-05-28,0.038191261839291224
2020-05-29,0.0050029429075928444
2020-06-01,0.0758418740849196
2020-06-02,0.02667392487751763
2020-06-03,0.006892895015906619
2020-06-04,0.01132174828857302
2020-06-05,0.06743035667794861
2020-06-08,-0.03268292682926832
2020-06-09,0.01991931417044901
2020-06-10,0.018046971569839254
2020-06-11,-0.08305002428363284
2020-06-12,0.02065677966101709
2020-06-15,0.023352361183186288
2020-06-16,0.03321501014198791
2020-06-17,-0.006871165644171784
2020-06-18,0.031628366691376364
2020-06-19,0.013892215568862332
2020-06-22,0.020552799433026347
2020-06-23,-0.011111111111111183
2020-06-24,-0.054307116104868935
2020-06-25,0.019306930693069324
2020-06-26,-0.005099562894609
2020-06-29,0.014888943129118815
2020-06-30,0.0014430014430015792
2020-07-01,0.012968299711815456
2020-07-02,0.023944997629208098
2020-07-03,-0.006251447094234641
2020-07-06,-0.004426840633737328
2020-07-07,0.012871518839223217
2020-07-08,0.00901109057301297
2020-07-09,-0.030226700251889227
2020-07-10,0.021723730814639852
2020-07-13,-0.00970649410677149
2020-07-14,0.0028004667444574416
2020-07-15,0.023039329764952265
2020-07-16,-0.005686988171064611
2020-07-17,-0.0041180507892930596
2020-07-20,-0.0052837123822652154
2020-07-21,0.023325635103926157
2020-07-22,-0.007447528774543133
2020-07-23,-0.023192360163710735
2020-07-24,0.007681564245810124
2020-07-27,0.002310002310002446
2020-07-28,-0.006453099792578909
2020-07-29,0.00927858965437256
2020-07-30,-0.012181107791312318
2020-07-31,0.003489995346672936
2020-08-03,0.014607002086714393
2020-08-04,0.0052559414990860365
2020-08-05,0.021141168447374348
2020-08-06,0.002671415850400649
2020-08-07,-0.02153641207815271
2020-08-10,0.002722940776038074
2020-08-11,-0.011541072640868899
2020-08-12,0.03228021978021989
2020-08-13,-0.004879130627633788
2020-08-14,-0.00022286605749943789
2020-08-17,0.0011145786892554632
2020-08-18,0.009574704965486625
2020-08-19,-0.0028672254080283066
2020-08-20,-0.014377350143773504
2020-08-21,-0.013913824057450674
2020-08-24,0.011151570323167936
2020-08-25,0.03556155750618939
2020-08-26,-0.004781569224081683
2020-08-27,-0.020746887966804906
2020-08-28,0.008474576271186418
2020-09-01,0.011057054400707589
2020-09-02,-0.06605424321959752
2020-09-03,0.0004683840749413193
2020-09-04,-0.037921348314606695
2020-09-07,-0.010462287104622825
2020-09-08,-0.05261863781657239
2020-09-09,0.037633013236439083
2020-09-10,-0.017758879439719655
2020-09-11,-0.011968423733129785
2020-09-14,-0.00592783505154626
2020-09-15,0.02514907959554047
2020-09-16,0.042741527567020654
2020-09-17,0.02716468590831922
2020-09-18,-0.0044864226682409525
2020-09-21,-0.04245730550284632
2020-09-22,0.011642308645033683
2020-09-23,0.006121449559255643
2020-09-24,0.003650523241664594
2020-09-25,-0.008001939864209606
2020-09-28,0.01662185284771467
2020-09-29,-0.03029574416927161
2020-09-30,-0.0007438631291842857
2020-10-01,-0.013647642679900707
2020-10-02,-0.04402515723270439
2020-10-05,0.04684210526315802
2020-10-06,0.03745600804424343
2020-10-07,-0.015749939423310044
2020-10-08,0.033973412112260126
2020-10-09,-0.008809523809523712
2020-10-12,-0.02714388662022582
2020-10-13,0.020740740740740726
2020-10-14,0.011369134010643434
2020-10-15,-0.0047835446065535026
2020-10-16,-0.006488824801730297
2020-10-19,-0.0012094823415579325
2020-10-20,0.00799224993945269
2020-10-21,-0.036761172513214646
2020-10-22,0.02968321277126451
2020-10-23,-0.01380813953488369
2020-10-26,-0.040530582166543816
2020-10-27,0.016897081413210335
2020-10-28,-0.04682779456193353
2020-10-29,-0.03433703116745901
2020-10-30,-0.006291028446389624
2020-11-02,0.03991191852463527
2020-11-03,0.010322922181048133
2020-11-04,0.03955986376735643
2020-11-05,-0.005292338709677491
2020-11-06,-0.035216620217887074
2020-11-09,0.07484243697478998
2020-11-10,0.03225018323967754
2020-11-11,0.00591715976331364
2020-11-12,-0.008000000000000118
2020-11-13,-0.015417457305502813
2020-11-16,0.02890869669959062
2020-11-17,-0.003980332474830317
2020-11-18,0.008697696285848489
2020-11-19,0.004194826380797156
2020-11-20,0.016245068461359757
2020-11-23,0.027631879424526273
2020-11-24,0.03622222222222238
2020-11-25,0.014368432339695314
2020-11-26,-0.020718816067653245
2020-11-27,0.012089810017271274
2020-11-30,-0.0008532423208190698
2020-12-01,0.004056362083689091
2020-12-02,0.016372528173506096
2020-12-03,0.01192468619246867
2020-12-04,0.01509199917304116
2020-12-07,-0.0095723014256619
2020-12-08,0.0043183220234424
2020-12-09,-0.0006142506142506887
2020-12-10,0.03114115959844277
2020-12-11,-0.00635803695608983
2020-12-14,0.005198960207958514
2020-12-15,0.009946290033817418
2020-12-16,0.0011818002757533197
2020-12-17,0.007279165846940883
2020-12-18,0.018945312499999867
2020-12-21,-0.029902242668200185
2020-12-22,-0.014424026872159601
2020-12-23,0.02345629510825975
2020-12-24,-0.003330068560234989
2020-12-28,0.0
2020-12-29,-0.008647798742138502
2020-12-30,0.0059476605868358234
2020-12-31,0.009459992116673144
2021-01-04,-0.016595080046856725
2021-01-05,0.05539011316259668
2021-01-06,0.012039127163280705
2021-01-07,-0.0018587360594793934
2021-01-08,0.03370577281191789
2021-01-11,-0.012069897315798883
2021-01-12,0.020787746170678245
2021-01-13,-0.00821722043586981
2021-01-14,0.004322766570605152
2021-01-15,-0.017216642754662836
2021-01-18,-0.010766423357664201
2021-01-19,0.021582733812949728
2021-01-20,0.0050559768869626875
2021-01-21,0.00035932446999642487
2021-01-22,-0.008261494252873591
2021-01-25,0.003984063745019917
2021-01-26,-0.0032467532467532756
2021-01-27,-0.0034382917119073486
2021-01-28,-0.003631741420010992
2021-01-29,0.006925460178603959
2021-02-01,0.021176470588235352
2021-02-02,0.021269053527118054
2021-02-03,0.017181534189517622
2021-02-04,0.006312915884661319
2021-02-05,0.008477449983045116
2021-02-08,0.011600537995965166
2021-02-09,0.009473159381751639
2021-02-10,0.007079354626275958
2021-02-11,-0.0013078306359326497
2021-02-12,0.022589621869373078
2021-02-15,0.01776852889386915
2021-02-16,0.005976722239698029
2021-02-17,0.01657285803627251
2021-02-18,-0.014303291294986087
2021-02-19,-0.01950382274925888
2021-02-22,0.03007638446849148
2021-02-23,0.006642978526185672
2021-02-24,0.025936157151626782
2021-02-25,-0.0023934181002243093
2021-02-26,-0.012445644024591362
2021-03-01,-0.019738839963559074
2021-03-02,-0.021530359355638184
2021-03-03,0.024220357764761724
2021-03-04,0.040494590417310405
2021-03-05,0.03906714200831862
2021-03-08,-0.027877055039313814
2021-03-09,-0.014264705882352957
2021-03-10,0.0074593465612411425
2021-03-11,0.02680290241374217
2021-03-12,-0.006778194404384208
2021-03-15,-0.0013068099317555815
2021-03-16,-0.012067461471357954
2021-03-17,-0.0032376747608535705
2021-03-18,-0.08297652443525771
2021-03-19,0.030429882466591618
2021-03-22,-0.0017187499999999911
2021-03-23,-0.0615119737048051
2021-03-24,0.06237491661107408
2021-03-25,-0.03908948194662487
2021-03-26,0.04182323149812128
2021-03-29,0.004547592912027554
2021-03-30,-0.012176084920387131
2021-03-31,0.0037926675094817064
2021-04-01,0.005195214105793378
2021-04-06,-0.03727486296006266
2021-04-07,0.006344558321132343
2021-04-08,0.003718073068218697
2021-04-09,-0.0032211306168465903
2021-04-12,0.00791727258038466
2021-04-13,0.0072138505931387265
2021-04-14,0.05220436097405701
2021-04-15,0.00030252609287551024
2021-04-16,-0.002268259488885427
2021-04-19,0.00848742043043349
2021-04-20,-0.0180342651036971
2021-04-21,-0.020202020202020332
2021-04-22,0.01640112464854737
2021-04-23,0.010450284309205582
2021-04-26,-0.0038022813688213253
2021-04-27,0.011450381679389388
2021-04-28,0.012528301886792326
2021-04-29,0.017590936195587492
2021-04-30,-0.007764430120128951
2021-05-04,0.017422117230178502
2021-05-05,0.011609345523146075
2021-05-06,-0.015636207143881697
2021-05-07,0.0016030311862431645
2021-05-10,-0.0017459624618071379
2021-05-11,0.00320652966039936
2021-05-12,0.011477553392416295
2021-05-13,-0.032461936225222754
2021-05-14,0.027909738717339705
2021-05-17,0.005488157134604377
2021-05-18,-0.008761850043091046
2021-05-19,-0.03086509201565002
2021-05-20,-0.025418660287081174
2021-05-21,0.023626879410862056
2021-05-24,0.028027577937649983
2021-05-25,0.0030616707974921997
2021-05-26,0.0018895348837211223
2021-05-27,0.007253735673871997
2021-05-28,-0.0010082097076192786
2021-06-01,0.009659746251441836
2021-06-02,0.008139368841924899
2021-06-03,0.001558073654390979
2021-06-04,0.00834394003676997
2021-06-07,-0.0057503506311360475
2021-06-08,0.007053180984624152
2021-06-09,-0.0011206051267684813
2021-06-10,0.004767914738465828
2021-06-11,0.005582693649685888
2021-06-14,0.003053435114503733
2021-06-15,0.015359070153590615
2021-06-16,0.0068138457345325865
2021-06-17,-0.012994044396318238
2021-06-18,0.0024684585847503104
2021-06-21,0.019015047879616942
2021-06-22,0.005772586924419398
2021-06-23,0.004004271222637357
2021-06-24,0.009704865727200307
2021-06-25,0.006583278472679366
2021-06-28,-0.02184434270765212
2021-06-29,0.008023535704733797
2021-06-30,0.020695144600689774
2021-07-01,-0.0032492851572654136
2021-07-02,0.010692397965836653
2021-07-05,0.010708295703780069
2021-07-06,-0.03229512381924948
2021-07-07,-0.019786307874950504
2021-07-08,0.010227425649306898
2021-07-09,0.027574264020247874
2021-07-12,-0.0047964739434794845
2021-07-13,0.00950892275628501
2021-07-14,-0.022709677419354923
2021-07-15,-0.015975706363876352
2021-07-16,-0.0009392191064001576
2021-07-19,-0.0688960515713134
2021-07-20,0.010096639261502949
2021-07-21,0.03584178209338873
2021-07-22,0.023573200992555776
2021-07-23,0.00821548821548812
2021-07-26,-0.0009350788137856281
2021-07-27,0.0010696617194811964
2021-07-28,0.002938426606117206
2021-07-29,0.01611399653748835
2021-07-30,0.018610747051114096
2021-08-02,-0.049022130725681956
2021-08-03,-0.009065079150317956
2021-08-04,-0.030720917531403602
2021-08-05,0.016199464713339884
2021-08-06,-0.01552536734128096
2021-08-09,-0.019290340749084645
2021-08-10,0.021392677674084704
2021-08-11,0.011948271014900147
2021-08-12,-0.0027781636338378712
2021-08-13,-0.012397269814737433
2021-08-16,-0.01170662905500719
2021-08-17,-0.009561866704723698
2021-08-18,-0.011383285302593804
2021-08-19,-0.026380994024194804
2021-08-20,-0.01931137724550891
2021-08-23,0.0543428484200883
2021-08-24,0.03098306066309542
2021-08-25,0.012779104058418866
2021-08-26,-0.023571824736550284
2021-08-27,0.02612894064186322
2021-08-31,0.016468308884583394
2021-09-01,-0.019877467665078363
2021-09-02,0.021808584525628616
2021-09-03,-0.00666122892876575
2021-09-06,-0.008758724510742888
2021-09-07,-0.012563854756316606
2021-09-08,0.011744966442952975
2021-09-09,-0.014372581536760687
2021-09-10,0.015703869882220944
2021-09-13,0.00731639977912768
2021-09-14,0.001096340962039255
2021-09-15,0.024503764544832496
2021-09-16,0.004008551576696995
2021-09-17,-0.006654245408570625
2021-09-20,-0.014067524115755625
2021-09-21,0.0008153281695881809
2021-09-22,0.02511880515953835
2021-09-23,0.012450331125827718
2021-09-24,0.012820512820512775
2021-09-27,0.018470679411004776
2021-09-28,-0.0069752694990488084
2021-09-29,-0.005619412515964206
2021-09-30,-0.0006421782686873989
2021-10-01,0.020434391466392476
2021-10-04,0.025692695214105665
2021-10-05,0.015717092337917515
2021-10-06,-0.016078336557059925
2021-10-07,0.011672195601425184
2021-10-08,-0.00206461015302406
2021-10-11,0.01922842886698306
2021-10-12,-0.0026268656716418315
2021-10-13,0.0
2021-10-14,0.003950676403687181
2021-10-15,0.009658955401860236
2021-10-18,-0.006377701665288837
2021-10-19,0.010578866040651391
2021-10-20,0.008703834391907916
2021-10-21,-0.013759328358209033
2021-10-22,0.010049657129345135
2021-10-25,-0.006789184127355852
2021-10-26,0.00306423099587505
2021-10-27,-0.011632005639760301
2021-10-28,-0.008559201141226769
2021-10-29,-0.003597122302158362
2021-11-01,0.016967509025271
2021-11-02,-0.0010649627263046302
2021-11-03,-0.039327173655531955
2021-11-04,-0.011713933415536282
2021-11-05,0.028446662507797926
2021-11-08,0.00958388936066945
2021-11-09,0.015621244893054609
2021-11-10,-0.01904874585896832
2021-11-11,0.005910022916415514
2021-11-12,-0.005995203836930418
2021-11-15,-0.011580217129071313
2021-11-16,0.011105687088113214
2021-11-17,-0.026312613156306508
2021-11-18,0.022065203917193577
2021-11-19,-0.026804123711340333
2021-11-22,0.009097706879362066
2021-11-23,0.030381622823268062
2021-11-24,-0.01270526189620047
2021-11-25,-0.003884909554449534
2021-11-26,-0.11797684338817782
2021-11-29,0.013403343927041567
2021-11-30,-0.03381510771748031
2021-12-01,-0.018769404459497596
2021-12-02,0.014813749460664383
2021-12-03,0.002125850340136015
2021-12-06,0.03775986423419608
2021-12-07,0.029435813573180925
2021-12-08,0.005295207836907512
2021-12-09,-0.024229654990782223
2021-12-10,0.01187584345479098
2021-12-13,-0.011469725260069397
2021-12-14,-0.0101187263896384
2021-12-15,0.004634046613056997
2021-12-16,0.012617012617012646
2021-12-17,-0.022374062165058994
2021-12-20,-0.03371248458270515
2021-12-21,0.033186782016735084
2021-12-22,0.025257378174330825
2021-12-23,0.021020216896505683
2021-12-24,-0.013375295043273172
2021-12-29,0.045055821371610794
2021-12-30,-0.00025435584382549337
2021-12-31,-0.017427808166899927
2022-01-03,0.013076126359399254
2022-01-04,0.014568690095846604
2022-01-05,0.015241214258722602
2022-01-06,0.01724565756823826
2022-01-07,0.003537016709354912
2022-01-10,-0.008750607681088929
2022-01-11,0.04193231976459044
2022-01-12,0.01000235349493983
2022-01-13,-0.0003495281370150538
2022-01-14,0.015967365967366032
2022-01-17,0.007456693816680016
2022-01-18,0.011500797084946557
2022-01-19,0.00911854103343468
2022-01-20,0.0012271307452029756
2022-01-21,0.0
2022-01-24,-0.02239554317548753
2022-01-25,0.01994529291087299
2022-01-26,0.019331768912727698
2022-01-27,-0.00570050427537816
2022-01-28,0.008489525909592066
2022-01-31,0.00962064064720658
2022-02-01,-0.022847861396859792
2022-02-02,0.013187056737588687
2022-02-03,0.017062233402602933
2022-02-04,0.041617378212711165
2022-02-07,0.004336155275655562
2022-02-08,-0.012438322368421129
2022-02-09,-0.011658165920682695
2022-02-10,0.014955239599789394
2022-02-11,0.011725640759572498
2022-02-14,0.04266666666666663
2022-02-15,-0.03177257525083599
2022-02-16,-0.010057909174032376
2022-02-17,-0.02216748768472898
2022-02-18,0.009445843828715494
2022-02-21,0.028800166354751466
2022-02-22,-0.002223345123799847
2022-02-23,0.005672034842499674
2022-02-24,0.020143015409406884
2022-02-25,-0.026952315134761595
2022-02-28,0.04586038961038952
2022-03-01,0.07615444315095088
2022-03-02,0.07220769854863418
2022-03-03,-0.030099209685555683
2022-03-04,0.07368238557558948
2022-03-07,0.04165993864040063
2022-03-08,0.03224306309099356
2022-03-09,-0.12464333984081699
2022-03-10,-0.01749871332990216
2022-03-11,0.031168150864326893
2022-03-14,-0.06536279739226147
2022-03-15,-0.047558655675332906
2022-03-16,-0.005040897850485115
2022-03-17,0.08498231526622702
2022-03-18,0.007224669603524081
2022-03-21,0.06971658502449274
2022-03-22,-0.006214735464878607
2022-03-23,0.04928824158643952
2022-03-24,-0.027760351317440368
2022-03-25,-0.010566220358122269
2022-03-28,-0.0666014510475259
2022-03-29,-0.014934497816593839
2022-03-30,0.024824895824097748
2022-03-31,-0.07180551950860803
2022-04-01,-0.010811818436014642
2022-04-04,0.01903326109488379
2022-04-05,-0.01433194637078139
2022-04-06,-0.054315196998123705
2022-04-07,-0.00972125781172506
2022-04-08,0.014324351397375645
2022-04-11,-0.03298439660280472
2022-04-12,0.06638071895424846
2022-04-13,0.03897720743152644
2022-04-14,0.02156880818508622
2022-04-19,-0.04818190020752511
2022-04-20,-0.004171011470281538
2022-04-21,0.02046644455021429
2022-04-22,-0.019123134328358216
2022-04-25,-0.05592011412268194
2022-04-26,0.0364662032839731
2022-04-27,0.003984838176693595
2022-04-28,0.02400774443368836
2022-04-29,0.024390243902439046
2022-05-03,-0.031561461794019974
2022-05-04,0.05326853440060986
2022-05-05,0.014294761603184547
2022-05-06,0.015609669075015598
2022-05-09,-0.06314772527665558
2022-05-10,-0.03806131058404427
2022-05-11,0.04960530162752175
2022-05-12,0.003342618384401197
2022-05-13,0.037571719415139704
2022-05-16,0.024438102033535358
2022-05-17,-0.017151314643914284
2022-05-18,-0.02524581450969965
2022-05-19,0.028898582333696687
2022-05-20,0.003621268327150595
2022-05-23,0.01320073924139753
2022-05-24,0.005558933379657738
2022-05-25,0.005528202470415522
2022-05-26,0.029207112790997414
2022-05-27,0.011518237208913984
2022-05-30,0.015017740737684582
2022-05-31,0.020486139338265152
2022-06-01,-0.026527523301202893
2022-06-03,0.02847790507364989
2022-06-06,-0.005490133672819919
2022-06-07,0.015201216097287862
2022-06-08,0.0182047442666875
2022-06-09,-0.00565015479876152
2022-06-10,-0.008017435977271004
2022-06-13,0.007846829880728157
2022-06-14,-0.01105574587355962
2022-06-15,-0.016217918438041323
2022-06-16,0.006562099871959104
2022-06-17,-0.05215455557322313
2022-06-20,-0.008136218755242397
2022-06-21,0.002198731501057205
2022-06-22,-0.025061176272044516
2022-06-23,-0.009001211701575307
2022-06-24,0.024978165938864594
2022-06-27,0.019853442399454746
2022-06-28,0.021054390508814302
2022-06-29,-0.01153751738810238
2022-06-30,-0.00844370860927146
2022-07-01,-0.00475872432793456
2022-07-04,0.02172636523781568
2022-07-05,-0.09285714285714286
2022-07-06,-0.017648655986967077
2022-07-07,0.04477611940298498
2022-07-08,0.004850088183421475
2022-07-11,0.007898200965335667
2022-07-12,-0.06852416195036992
2022-07-13,0.0017760329033464917
2022-07-14,0.005318652608006014
2022-07-15,0.04195284945238553
2022-07-18,0.04462854088722601
2022-07-19,-0.019698132514709643
2022-07-20,0.007828810020876986
2022-07-21,-0.026324874848955626
2022-07-22,-0.05354135271695781
2022-07-25,0.013674253067341047
2022-07-26,-0.00840801995749807
2022-07-27,0.021617592247484163
2022-07-28,0.00036483035388545915
2022-07-29,0.016684901531728746
2022-08-01,-0.04860550623262494
2022-08-02,0.003958902818361754
2022-08-03,-0.04403342409163469
2022-08-04,-0.03761539972500494
2022-08-05,0.023675885294417887
2022-08-08,0.031402651779483426
2022-08-09,0.003382949932341006
2022-08-10,0.012041229168673562
2022-08-11,0.020274129069103308
2022-08-12,-0.03255900737009043
2022-08-15,-0.05255544840887172
2022-08-16,-0.029414758269720065
2022-08-17,0.019505033557047025
2022-08-18,-0.00894877597202226
2022-08-19,0.0010378827192527584
2022-08-22,-0.014411612234318305
2022-08-23,0.046602146013044354
2022-08-24,0.0038194793446577613
2022-08-25,-0.010613797937318536
2022-08-26,0.02347940491853051
2022-08-30,-0.017699990111737285
2022-08-31,-0.028085363398429708
2022-09-01,-0.04464008285862253
2022-09-02,0.00921509106678231
2022-09-05,0.012138790417875134
2022-09-06,-0.02961154744215655
2022-09-07,-0.050311713879470754
2022-09-08,0.013359437982264133
2022-09-09,0.04193658370269371
2022-09-12,0.019306282722513002
2022-09-13,-0.01508828250401284
2022-09-14,0.008583224684919566
2022-09-15,-0.03824194764623501
2022-09-16,0.0016801075268817467
2022-09-20,0.002124566700212327
2022-09-21,0.0026779736665922815
2022-09-22,0.006009347874471382
2022-09-23,-0.06758849557522117
2022-09-26,-0.020643018151619508
2022-09-27,0.04142943670502719
2022-09-28,0.041642433407002466
2022-09-29,-0.0015633724176438157
2022-09-30,-0.005704059948551499
2022-10-03,0.02002249718785154
2022-10-04,0.033745037494485874
2022-10-05,0.006507360785150462
2022-10-06,0.01377848436671969
2022-10-07,0.033768949294302075
2022-10-10,-0.01769822006472488
2022-10-11,-0.020179141356944208
2022-10-12,-0.018177997268046697
2022-10-13,0.018407534246575263
2022-10-14,-0.03089533417402268
2022-10-17,-0.01279548904792882
2022-10-18,-0.017355008787346304
2022-10-19,0.021014978761457748
2022-10-20,0.0019706590759798193
2022-10-21,0.003277972027972087
2022-10-24,-0.002722718362012655
2022-10-25,0.002074915365294361
2022-10-26,0.012750653879686213
2022-10-27,0.013343376735176937
2022-10-28,0.004990973770840013
2022-10-31,-0.014158918005071852
2022-11-01,0.01950696677384789
2022-11-02,0.00998738435660207
2022-11-03,-0.008119079837618282
2022-11-04,0.04449574981635007
2022-11-07,0.003416055460665257
2022-11-08,-0.030239311104435895
2022-11-09,-0.03923593185338148
2022-11-10,0.012896292315959235
2022-11-11,0.022493368700265304
2022-11-14,-0.028847151603196064
